player_name,position,team,projected_points,source_count,sigma_cross,adp,adp_local,adp_global,ecr,floor_points,ceiling_points
Josh Allen,QB,BUF,374.24,4,10.835255726869889,22.3,21.3,22.3,26.0,304.4,439.7
Jahmyr Gibbs,RB,DET,365.925,4,19.64685619465196,1.3,1.1,1.3,2.0,294.0,412.3
Bijan Robinson,RB,ATL,357.45,4,21.300710473283917,2.2,2.9,2.2,4.0,294.0,404.7
Puka Nacua,WR,LAR,344.6,4,19.142687899038627,5.1,4.4,5.1,3.0,270.2,398.2
Christian McCaffrey,RB,SF,332.84000000000003,4,32.196357454428494,6.1,5.4,6.1,9.0,274.7,410.5
Lamar Jackson,QB,BAL,329.5,4,6.9962769861310266,38.1,32.5,38.1,31.0,298.8,438.1
Jayden Daniels,QB,WAS,326.47,4,11.203289695442121,66.6,64.3,66.6,51.0,287.4,434.5
Ja'Marr Chase,WR,CIN,326.315,4,13.89925267775212,3.4,3.1,3.4,1.0,291.4,399.8
Jalen Hurts,QB,PHI,325.725,4,13.947151142796146,61.5,59.2,61.5,56.0,288.1,430.5
Drake Maye,QB,NE,325.275,4,7.665313105151027,51.5,47.6,51.5,38.0,293.7,425.3
Jaxon Smith-Njigba,WR,SEA,320.59000000000003,4,21.53503192474995,6.9,5.2,6.9,5.0,286.7,374.9
Amon-Ra St. Brown,WR,DET,315.15,4,18.238801815543326,7.5,8.0,7.5,6.0,287.9,357.5
Trevor Lawrence,QB,JAX,315.04999999999995,4,12.716902138492683,97.3,100.2,97.3,76.0,279.9,414.9
Brock Purdy,QB,SF,315.02,4,11.476457060725085,118.4,122.4,118.4,90.0,278.1,415.5
Dak Prescott,QB,DAL,312.59000000000003,4,10.142746176455368,81.2,77.8,81.2,75.0,282.7,412.7
Jaxson Dart,QB,NYG,312.15999999999997,4,9.687330213565883,105.8,91.5,105.8,94.0,277.1,417.3
Joe Burrow,QB,CIN,311.6,4,13.868054417737673,56.5,51.1,56.5,46.0,289.9,421.3
Justin Herbert,QB,LAC,310.355,4,15.24022610287218,84.3,82.2,84.3,69.0,280.7,417.8
Caleb Williams,QB,CHI,308.72,4,11.81463922428443,73.3,71.2,73.3,64.0,278.4,420.9
Jonathan Taylor,RB,IND,304.57,4,25.218916180782493,6.9,7.3,6.9,10.0,254.0,364.6
Bo Nix,QB,DEN,303.98,4,8.170646649235692,113.8,119.4,113.8,100.0,280.9,412.0
Matthew Stafford,QB,LAR,296.485,4,13.37769630143147,108.4,95.8,108.4,104.0,277.8,403.3
Patrick Mahomes,QB,KC,296.28,4,10.657854693448698,117.7,107.3,117.7,101.0,277.7,416.6
Jared Goff,QB,DET,295.33500000000004,4,10.534503231445399,133.6,133.1,133.6,107.0,278.4,402.5
Tyler Shough,QB,NO,288.91499999999996,4,11.09585921263724,157.7,185.8,157.7,125.0,272.6,408.9
Baker Mayfield,QB,TB,286.43,4,8.196820521803971,144.3,143.3,144.3,119.0,276.6,404.8
CeeDee Lamb,WR,DAL,284.295,4,15.52254355230912,10.7,9.5,10.7,7.0,262.2,361.6
Justin Jefferson,WR,MIN,282.24,4,23.02561110300151,12.0,11.5,12.0,8.0,248.0,379.3
James Cook,RB,BUF,281.78999999999996,4,18.625008277403083,9.8,10.4,9.8,14.0,255.1,363.6
De'Von Achane,RB,MIA,281.66499999999996,4,20.355995636011844,14.2,11.8,14.2,19.0,236.2,350.2
Kyler Murray,QB,MIN,281.64,4,22.382674847598828,140.6,159.0,140.6,113.0,273.0,419.3
Jordan Love,QB,GB,281.21,4,11.781827815184979,148.3,149.5,148.3,120.0,278.4,402.8
Daniel Jones,QB,IND,275.78999999999996,4,28.967259679392072,168.0,203.2,168.0,142.0,260.7,404.9
Malik Willis,QB,MIA,273.255,4,6.195005380681,157.6,194.5,157.6,130.0,264.1,409.9
Chase Brown,RB,CIN,272.765,4,12.69625502526893,15.1,16.7,15.1,16.0,226.7,354.8
Kenneth Walker,RB,KC,268.47,4,18.891326934160382,17.0,19.7,17.0,27.0,231.5,362.6
Rashee Rice,WR,KC,267.9,4,20.55498864833871,31.2,28.7,31.2,21.0,209.4,332.9
Derrick Henry,RB,BAL,267.85,4,17.137969541342983,19.3,20.2,19.3,36.0,223.1,333.3
Saquon Barkley,RB,PHI,266.28499999999997,4,10.19633389998582,11.9,13.7,11.9,23.0,232.8,366.6
C.J. Stroud,QB,HOU,264.72,4,10.162694852580533,164.0,203.1,164.0,139.0,264.9,389.3
Sam Darnold,QB,SEA,264.48,4,5.304262436946346,159.1,175.6,159.1,136.0,258.1,391.1
Drake London,WR,ATL,263.55,4,17.175564765095785,19.2,17.1,19.2,11.0,251.5,330.8
Ashton Jeanty,RB,LV,258.29,4,14.487037884490627,19.0,14.5,19.0,28.0,199.6,353.2
Nico Collins,WR,HOU,257.85,4,9.163872452917133,22.6,25.3,22.6,13.0,234.0,330.8
George Pickens,WR,DAL,254.145,4,6.885251750420368,23.4,23.1,23.4,18.0,232.9,329.8
Omarion Hampton,RB,LAC,254.10500000000002,4,13.814956568878516,17.6,15.2,17.6,25.0,221.3,361.1
Brock Bowers,TE,LV,253.5,4,6.227093356186875,23.2,23.3,23.2,15.0,236.1,311.3
A.J. Brown,WR,NE,251.67499999999998,4,13.463925566738205,19.3,17.9,19.3,12.0,228.5,345.4
Trey McBride,TE,ARI,251.65,4,8.958965714113805,25.5,22.4,25.5,20.0,235.7,304.2
Bryce Young,QB,CAR,251.35500000000002,4,13.154498280056147,168.0,227.3,168.0,161.0,244.1,394.6
Josh Jacobs,RB,GB,251.31,4,26.80987566799468,35.9,31.7,35.9,44.0,188.1,315.1
Breece Hall,RB,NYJ,247.715,4,20.309625591493962,35.5,33.5,35.5,39.0,212.4,317.4
Zay Flowers,WR,BAL,247.4,4,13.525130929742106,37.5,41.1,37.5,30.0,224.8,295.6
Chris Olave,WR,NO,245.95,4,14.066030890055659,29.6,29.9,29.6,17.0,215.4,307.7
Cam Ward,QB,TEN,242.57,4,17.031628420872345,169.2,227.6,169.2,146.0,253.3,403.7
Jeremiyah Love,RB,ARI,241.45,4,18.402446168920033,30.9,26.7,30.9,41.0,208.5,345.2
Garrett Wilson,WR,NYJ,240.445,4,8.76167934816151,43.3,45.9,43.3,29.0,219.2,299.6
DeVonta Smith,WR,PHI,239.435,4,6.570811086413412,32.0,35.2,32.0,22.0,222.7,305.0
Malik Nabers,WR,NYG,238.515,4,7.889437559167325,26.3,27.6,26.3,24.0,191.6,340.6
Javonte Williams,RB,DAL,237.06,4,17.97597285267197,34.0,35.8,34.0,43.0,209.1,305.3
Kyren Williams,RB,LAR,236.575,4,15.29255674067181,27.8,29.5,27.8,42.0,207.3,302.8
Aaron Rodgers,QB,PIT,235.69,4,36.0996043376286,169.8,228.8,169.8,212.0,252.9,384.5
Geno Smith,QB,NYJ,232.36,4,7.831194034117662,170.6,,170.6,208.0,214.4,387.3
Travis Etienne,RB,NO,231.45999999999998,4,15.232818736749508,43.6,44.6,43.6,48.0,207.1,316.4
Tee Higgins,WR,CIN,229.55,4,10.204412035977374,36.2,34.4,36.2,35.0,217.0,302.3
Tetairoa McMillan,WR,CAR,228.15,4,6.0733756401746355,39.2,37.0,39.2,32.0,198.7,290.2
Jaylen Waddle,WR,DEN,223.8,4,10.406729793744047,40.7,46.6,40.7,34.0,199.4,300.3
D'Andre Swift,RB,CHI,223.51,4,7.840414529857458,49.1,55.0,49.1,55.0,190.6,295.9
Emeka Egbuka,WR,TB,223.5,4,13.354385047616374,42.7,39.8,42.7,40.0,189.4,298.6
Cam Skattebo,RB,NYG,221.55,4,15.227298677047088,44.8,43.6,44.8,57.0,175.5,301.8
Ladd McConkey,WR,LAC,220.635,4,4.215672148859139,38.3,38.4,38.3,33.0,194.3,295.9
Davante Adams,WR,LAR,218.84,4,16.169934034085195,52.6,50.2,52.6,49.0,188.9,290.2
Luther Burden,WR,CHI,215.5,4,9.377609858949493,56.9,52.4,56.9,47.0,184.7,300.3
Jameson Williams,WR,DET,213.615,4,5.716982741505057,59.8,58.3,59.8,54.0,184.9,279.5
Colston Loveland,TE,CHI,213.39499999999998,4,14.913339386826367,40.7,40.8,40.7,37.0,197.3,288.7
Bucky Irving,RB,TB,212.25,4,10.884356894185334,48.2,41.7,48.2,60.0,183.7,297.7
Terry McLaurin,WR,WAS,211.85000000000002,4,3.5444792753426184,53.1,56.1,53.1,45.0,190.9,288.5
Mike Evans,WR,SF,210.815,4,17.424845049526265,64.3,61.0,64.3,53.0,176.3,296.1
Jacoby Brissett,QB,ARI,209.04000000000002,4,40.357200101097206,170.0,243.0,170.0,176.0,194.0,357.5
Quinshon Judkins,RB,CLE,208.37,4,16.715409058709877,56.4,53.0,56.4,62.0,181.8,292.9
Rome Odunze,WR,CHI,206.95,4,4.622794969856809,60.9,65.0,60.9,58.0,181.3,296.7
Tyler Warren,TE,IND,206.39999999999998,4,11.41256617359421,50.3,47.5,50.3,52.0,184.1,267.1
Parker Washington,WR,JAX,205.2,4,12.98994867836924,70.1,76.0,70.1,63.0,175.5,274.9
David Montgomery,RB,HOU,204.95,4,5.040115739411816,51.1,49.0,51.1,61.0,177.6,295.4
DJ Moore,WR,BUF,202.28,4,14.082414565691497,54.3,57.9,54.3,50.0,175.9,282.7
Fernando Mendoza,QB,LV,201.965,4,44.77203470545722,165.5,179.1,165.5,248.0,178.1,356.2
Christian Watson,WR,GB,201.42000000000002,4,15.966075493579085,65.4,70.3,65.4,59.0,187.9,289.7
Marvin Harrison,WR,ARI,196.615,4,8.629014524652675,73.7,75.8,73.7,67.0,172.6,276.6
Courtland Sutton,WR,DEN,196.405,4,11.689440747957104,86.4,80.9,86.4,82.0,171.1,264.5
Rhamondre Stevenson,RB,NE,195.04500000000002,4,17.20919400591827,76.6,81.6,76.6,74.0,167.5,283.1
Bhayshul Tuten,RB,JAX,194.655,4,17.593730654222636,60.7,62.5,60.7,65.0,156.9,304.6
Harold Fannin,TE,CLE,194.59,4,8.176231813412988,75.2,68.5,75.2,71.0,173.6,250.5
Jaylen Warren,RB,PIT,193.935,4,13.546250096121318,70.9,71.9,70.9,72.0,162.8,275.3
Jayden Reed,WR,GB,193.89999999999998,4,10.1154481693431,106.9,112.9,106.9,105.0,164.3,265.3
DK Metcalf,WR,PIT,191.91,4,10.218525660126641,79.4,74.7,79.4,78.0,174.2,263.4
Sam LaPorta,TE,DET,190.5,4,8.387591529555236,66.5,59.6,66.5,84.0,172.2,254.4
TreVeyon Henderson,RB,NE,190.05,4,9.916082475789858,62.4,53.5,62.4,68.0,161.6,306.1
Michael Pittman,WR,PIT,188.9,4,12.826112687274607,101.3,101.3,101.3,80.0,173.4,258.1
Tucker Kraft,TE,GB,186.695,4,13.253201814404443,66.8,63.4,66.8,77.0,169.5,259.2
Jadarian Price,RB,SEA,186.32,4,17.47990465267665,62.8,67.9,62.8,70.0,146.1,299.5
Brian Thomas,WR,JAX,185.05,4,8.343210812790646,77.6,73.1,77.6,79.0,164.5,279.8
Travis Kelce,TE,KC,182.53,4,7.972174525602578,95.5,92.7,95.5,93.0,157.8,220.1
Jordan Addison,WR,MIN,182.39999999999998,4,14.103531472648971,103.0,104.7,103.0,106.0,162.4,266.2
Josh Downs,WR,IND,181.15,4,15.997402914223287,101.2,107.6,101.2,86.0,157.7,266.0
Rico Dowdle,RB,PIT,181.115,4,13.934246481241823,83.9,85.0,83.9,87.0,156.4,278.3
Kyle Pitts,TE,ATL,180.2,4,11.078686369180542,73.2,69.8,73.2,81.0,170.8,246.9
Jakobi Meyers,WR,JAX,180.1,4,10.187696828364427,121.2,115.5,121.2,103.0,160.9,261.6
Carnell Tate,WR,TEN,177.87,4,11.89842006318486,73.1,65.9,73.1,66.0,168.5,280.8
Chris Godwin,WR,TB,176.915,4,6.846329308468885,87.8,95.5,87.8,73.0,153.4,278.4
Tony Pollard,RB,TEN,176.6,4,11.489677613695987,84.3,83.7,84.3,83.0,150.7,269.9
George Kittle,TE,SF,175.655,4,8.60976335331001,85.8,89.4,85.8,95.0,141.4,257.4
Stefon Diggs,WR,WAS,175.53,4,14.127575871323431,101.9,110.8,101.9,97.0,154.8,276.0
Xavier Worthy,WR,KC,175.26999999999998,4,14.024106626329774,132.0,140.4,132.0,127.0,149.9,266.9
Alec Pierce,WR,IND,174.45,4,10.017765469404841,103.4,101.7,103.4,102.0,136.9,262.2
Wan'Dale Robinson,WR,TEN,173.85,4,9.262326471608885,113.2,116.3,113.2,85.0,154.0,258.4
J.K. Dobbins,RB,DEN,173.54500000000002,4,13.708878813868527,91.9,94.9,91.9,99.0,144.9,269.4
Michael Wilson,WR,ARI,172.305,4,6.032110603539476,87.9,83.0,87.9,88.0,149.2,264.7
Quentin Johnston,WR,LAC,172.265,4,10.699278402459358,111.0,113.9,111.0,91.0,156.5,271.5
Khalil Shakir,WR,BUF,171.6,4,3.7121456059804565,137.2,143.6,137.2,122.0,152.4,239.1
Dallas Goedert,TE,PHI,168.05,4,18.994462350906378,115.6,123.1,115.6,117.0,144.2,208.2
Romeo Doubs,WR,NE,167.495,4,8.471856840937141,129.0,131.8,129.0,126.0,154.4,263.9
Deebo Samuel,WR,SF,166.31,4,7.397269766609845,133.7,137.4,133.7,138.0,134.6,264.3
Jake Ferguson,TE,DAL,166.215,4,4.313570640045976,117.3,98.5,117.3,116.0,149.9,199.3
Brandon Aubrey,K,DAL,165.015,4,30.68512492506209,115.5,93.1,115.5,183.0,157.4,191.1
Mark Andrews,TE,BAL,164.85500000000002,4,18.408286856739274,124.0,129.0,124.0,129.0,141.6,211.6
KC Concepcion,WR,CLE,164.115,4,10.668062538874306,116.0,121.3,116.0,121.0,148.0,265.4
RJ Harvey,RB,DEN,163.565,4,11.142466438510525,92.4,79.5,92.4,92.0,136.7,271.8
Dalton Kincaid,TE,BUF,162.8,4,6.723263096641886,95.3,87.4,95.3,111.0,142.3,223.1
Matthew Golden,WR,GB,162.735,4,4.135322438053249,119.9,127.9,119.9,128.0,146.1,275.9
Chuba Hubbard,RB,CAR,162.59,4,24.8582166161077,89.6,77.0,89.6,96.0,127.7,275.1
Jalen Coker,WR,CAR,161.8,4,30.271053279769877,133.1,145.8,133.1,124.0,136.1,257.3
Isaiah Likely,TE,NYG,161.145,4,10.960931757838837,107.9,109.5,107.9,123.0,144.1,208.3
Kenny Gainwell,RB,TB,160.22500000000002,4,17.016089200126647,104.8,111.9,104.8,98.0,134.4,262.7
Makai Lemon,WR,PHI,159.67000000000002,4,16.987968291313308,101.0,86.4,101.0,108.0,145.3,280.5
Jonathon Brooks,RB,CAR,159.425,4,11.692616972545826,88.0,106.1,88.0,89.0,144.0,302.0
Juwan Johnson,TE,NO,155.865,4,12.039195363478411,148.1,187.1,148.1,132.0,136.2,197.3
Kyle Monangai,RB,CHI,155.385,4,10.149460987329983,108.7,99.8,108.7,115.0,132.8,264.1
Brenton Strange,TE,JAX,155.375,4,8.910235219491492,152.1,152.1,152.1,149.0,138.6,203.9
Rachaad White,RB,WAS,155.12,4,19.7504995717408,120.7,131.3,120.7,109.0,120.8,259.4
Rashid Shaheed,WR,SEA,154.85000000000002,4,9.410986487434077,140.3,147.0,140.3,144.0,136.7,252.7
Cameron Dicker,K,LAC,154.36,4,29.10938451198628,138.4,118.4,138.4,195.0,151.3,181.9
Hunter Henry,TE,NE,152.425,4,1.5211700540483075,144.8,139.4,144.8,154.0,133.3,197.7
Aaron Jones,RB,MIN,152.06,4,23.09758140296656,120.1,124.0,120.1,112.0,114.2,246.9
Ka'imi Fairbairn,K,HOU,151.03,4,27.32668232088679,139.4,130.4,139.4,198.0,147.0,175.5
T.J. Hockenson,TE,MIN,151.0,4,10.934911598484307,156.0,164.0,156.0,172.0,132.4,188.4
Jason Myers,K,SEA,150.20499999999998,4,25.40578067422189,141.9,125.7,141.9,203.0,147.0,175.5
Dalton Schultz,TE,HOU,149.685,4,2.630632053328633,157.7,191.0,157.7,155.0,136.7,188.3
Jordan Mason,RB,MIN,149.425,4,8.812810278225669,105.6,117.7,105.6,118.0,131.6,268.0
Tyjae Spears,RB,TEN,148.06,4,23.293177112622484,146.5,165.8,146.5,134.0,129.8,256.4
Denzel Boston,WR,CLE,146.05,4,7.221765135108368,149.1,166.0,149.1,143.0,130.0,261.5
Jacory Croskey-Merritt,RB,WAS,143.88,4,11.870842430088944,105.9,113.8,105.9,114.0,126.0,269.1
Harrison Mevis,K,LAR,143.44,4,20.756210315630035,157.5,149.7,157.5,227.0,145.1,175.0
Jake Bates,K,DET,142.93,4,23.95311183680873,159.9,141.5,159.9,218.0,146.6,175.0
Tyler Loop,K,BAL,142.525,4,22.83675308940977,167.0,200.0,167.0,209.0,140.8,179.0
Jalen McMillan,WR,TB,142.41500000000002,4,12.836038784090148,164.2,209.2,164.2,163.0,128.6,260.2
Eddy Pineiro,K,SF,141.81,4,24.084907445673664,166.7,193.8,166.7,211.0,145.4,174.4
Calvin Ridley,WR,TEN,141.8,4,33.47069203049139,169.4,253.2,169.4,192.0,111.9,244.8
Cam Little,K,JAX,141.235,4,25.372430411767812,150.8,134.0,150.8,200.0,145.2,180.0
Tua Tagovailoa,QB,ATL,140.7,3,36.42712496661429,236.5,236.5,236.5,260.0,,
Harrison Butker,K,KC,139.97,4,22.867609552960857,165.1,173.0,165.1,247.0,145.0,170.2
Evan McPherson,K,CIN,139.865,4,23.536033898400696,168.1,179.9,168.1,226.0,145.2,177.0
De'Zhaun Stribling,WR,SF,139.555,4,24.790354811229843,119.1,137.0,119.1,141.0,136.0,276.6
Will Reichard,K,MIN,139.35500000000002,4,19.599175790493504,168.5,170.1,168.5,271.0,144.9,174.5
Keenan Allen,WR,IND,139.075,4,18.80945573375264,159.1,197.4,159.1,188.0,131.7,260.5
Chase McLaughlin,K,TB,138.93,4,20.139800561740095,171.1,221.7,171.1,231.0,140.2,167.6
Blake Corum,RB,LAR,138.78,4,11.991847230514566,100.2,103.8,100.2,110.0,129.7,272.0
Tre Tucker,WR,LV,138.43,4,9.90150156962737,164.3,202.5,164.3,156.0,126.8,240.1
Wil Lutz,K,DEN,137.25,4,22.216266563038893,171.9,253.3,171.9,273.0,144.9,171.6
Cairo Santos,K,CHI,135.655,4,22.355551696763527,172.4,233.8,172.4,221.0,143.7,175.8
Pat Freiermuth,TE,PIT,134.13,3,15.358633836814178,171.1,239.9,171.1,225.0,,
Kenyon Sadiq,TE,NYJ,133.64,4,20.51208424319674,158.3,153.4,158.3,210.0,125.8,204.0
Chig Okonkwo,TE,WAS,133.595,4,9.6721434198079,156.1,185.5,156.1,151.0,130.9,195.7
Greg Dulcich,TE,MIA,133.53,3,17.35169444175409,168.7,229.7,168.7,243.0,,
Blake Grupe,K,IND,133.44,3,26.89357791989257,,,,385.0,,
Jalen Nailor,WR,LV,132.8,4,4.088221903631618,156.9,182.4,156.9,181.0,115.5,241.9
Andy Borregales,K,NE,132.69,4,24.089889303744563,167.2,155.8,167.2,232.0,141.8,168.1
Jauan Jennings,WR,MIN,132.035,4,13.963114206126555,164.8,196.3,164.8,160.0,114.4,250.9
Trey Smack,K,GB,131.425,4,35.12307823924321,170.5,212.7,170.5,367.0,141.3,175.9
Chris Boswell,K,PIT,131.17000000000002,4,18.671428261740804,166.1,158.6,166.1,252.0,141.3,168.7
Nick Folk,K,ATL,128.57,3,24.627795272821317,171.4,285.5,171.4,371.0,,
Zach Charbonnet,RB,SEA,128.54,4,33.18182635118206,143.8,148.6,143.8,147.0,70.9,212.6
Omar Cooper,WR,NYJ,128.5,4,18.195888500794165,165.3,190.1,165.3,171.0,112.3,262.6
Jerry Jeudy,WR,CLE,127.8,4,14.380556317472564,162.7,189.6,162.7,158.0,115.7,245.1
Rashod Bateman,WR,BAL,127.2,3,16.793231771560038,176.1,232.7,176.1,219.0,,
AJ Barner,TE,SEA,126.8,3,9.780395356698698,163.1,183.1,163.1,191.0,,
Terrance Ferguson,TE,LAR,125.21000000000001,4,19.92489481360776,166.3,206.8,166.3,205.0,116.4,209.6
Kayshon Boutte,WR,HOU,125.1,4,14.533996926746148,170.3,223.7,170.3,175.0,110.0,250.0
Woody Marks,RB,HOU,124.83,4,23.546455501129394,139.4,160.8,139.4,133.0,124.1,267.5
Tyler Bass,K,BUF,123.58,3,21.001399953336442,173.4,299.0,173.4,368.0,,
Charlie Smyth,K,NO,123.0,3,60.30754513325841,269.0,269.0,269.0,313.0,,
Houston Texans,DEF,HOU,122.72,4,35.42722681780215,120.0,97.4,120.0,159.0,112.3,139.8
Cade Otton,TE,TB,122.3,3,14.772041158892025,170.7,235.7,170.7,230.0,,
Ryan Flournoy,WR,DAL,121.2,3,19.586999089532153,167.8,230.7,167.8,177.0,,
Jordyn Tyson,WR,NO,120.4,4,29.327160761542075,117.2,89.4,117.2,131.0,109.0,225.3
Denver Broncos,DEF,DEN,120.14,4,34.424162057097824,126.0,119.0,126.0,166.0,104.7,133.9
Jake Elliott,K,PHI,119.8,3,24.690348991728193,172.6,215.2,172.6,356.0,,
Malik Washington,WR,MIA,117.9,3,9.851735887649449,162.7,173.2,162.7,180.0,,
Seattle Seahawks,DEF,SEA,115.45,4,35.53546350713139,128.5,105.6,128.5,168.0,102.2,132.2
Caleb Douglas,WR,MIA,115.37,3,15.861703355356681,167.7,213.5,167.7,258.0,,
Alvin Kamara,RB,NO,115.16,4,29.348508196045213,151.0,161.2,151.0,150.0,76.6,225.7
Gunnar Helm,TE,TEN,114.2,3,10.136672695383504,171.0,233.1,171.0,204.0,,
Joey Slye,K,TEN,113.93,3,22.0440082562133,351.0,351.0,351.0,393.0,,
Tre' Harris,WR,LAC,112.7,3,13.308299415527642,167.3,231.4,167.3,170.0,,
Adonai Mitchell,WR,NYJ,112.16499999999999,4,18.011243479190068,165.6,232.5,165.6,157.0,121.6,257.3
Pittsburgh Steelers,DEF,PIT,111.925,4,26.540641005823502,158.9,161.7,158.9,184.0,104.4,132.5
Minnesota Vikings,DEF,MIN,111.92,4,30.834283949309842,151.7,151.5,151.7,187.0,103.6,133.7
Chad Ryland,K,ARI,111.66,3,20.058876671771362,350.0,350.0,350.0,395.0,,
Darren Waller,TE,CAR,111.47,3,6.505251724568385,171.1,,171.1,319.0,,
Oronde Gadsden,TE,LAC,111.0,3,21.237458259719634,151.2,128.7,151.2,193.0,,
Devaughn Vele,WR,NO,110.6,3,12.443122598447706,168.4,239.8,168.4,250.0,,
Baltimore Ravens,DEF,BAL,108.0,4,25.88435821108957,153.7,135.9,153.7,202.0,105.7,134.2
Ryan Fitzgerald,K,CAR,107.91,3,20.13891837545734,347.0,347.0,347.0,396.0,,
Los Angeles Chargers,DEF,LAC,107.325,4,32.97975073182533,165.1,178.8,165.1,199.0,99.7,131.6
Los Angeles Rams,DEF,LAR,107.13,4,41.12692021859486,113.8,88.7,113.8,169.0,100.7,130.4
Germie Bernard,WR,PIT,106.8,3,5.385260748871246,172.7,229.8,172.7,228.0,,
New England Patriots,DEF,NE,106.71000000000001,4,25.30449433071788,151.2,136.9,151.2,185.0,99.4,129.2
Detroit Lions,DEF,DET,106.405,4,20.838562610378546,161.5,154.2,161.5,229.0,98.6,133.6
Buffalo Bills,DEF,BUF,106.32,4,25.8040513614949,171.3,214.1,171.3,234.0,98.5,127.1
Mike Gesicki,TE,CIN,106.08,3,3.97577665368667,278.0,,278.0,300.0,,
Isiah Pacheco,RB,DET,105.86500000000001,4,29.400808804067506,158.1,184.7,158.1,153.0,84.6,237.7
Ja'Kobi Lane,WR,BAL,104.9,3,26.74293613897572,152.2,157.3,152.2,238.0,,
Keaton Mitchell,RB,LAC,104.7,4,14.623851236934815,148.5,181.1,148.5,145.0,99.7,255.1
Green Bay Packers,DEF,GB,104.545,4,27.422138714306488,169.6,201.5,169.6,216.0,104.5,136.3
Philadelphia Eagles,DEF,PHI,104.3,4,24.123778034683266,141.8,125.8,141.8,179.0,101.0,137.1
Jason Sanders,K,NYJ,104.265,2,18.759542904879105,,,,446.0,,
Jaylin Noel,WR,HOU,103.565,4,17.693084100857032,169.1,213.7,169.1,194.0,108.3,251.9
Jacksonville Jaguars,DEF,JAX,103.45,4,27.150859409356947,163.1,167.2,163.1,197.0,98.7,127.7
Chicago Bears,DEF,CHI,102.97999999999999,4,28.353490084996594,169.4,221.3,169.4,310.0,98.2,130.6
Chris Rodriguez,RB,JAX,102.25,4,16.984513289072098,132.4,142.3,132.4,137.0,98.4,252.4
Cleveland Browns,DEF,CLE,102.07,4,21.276079682748573,173.4,266.6,173.4,236.0,95.4,133.4
Deshaun Watson,QB,CLE,102.06,3,28.145939316356092,239.5,,239.5,286.0,,
Atlanta Falcons,DEF,ATL,101.77,3,29.048367137127233,228.4,228.4,228.4,290.0,,
Tyrone Tracy,RB,NYG,101.075,4,13.496133705621029,150.7,163.8,150.7,148.0,74.6,231.7
Travis Hunter,WR,JAX,100.6,3,10.162924447880807,157.9,167.0,157.9,186.0,,
Matt Gay,K,LV,100.0,2,35.35533905932738,263.3,263.3,263.3,,,
Dylan Sampson,RB,CLE,99.89500000000001,4,17.34385650117451,160.5,188.2,160.5,140.0,109.8,233.5
Tampa Bay Buccaneers,DEF,TB,99.64,4,13.29296555826928,232.4,232.4,232.4,366.0,96.5,129.0
Kansas City Chiefs,DEF,KC,99.28,4,16.906361721750386,175.2,226.9,175.2,213.0,96.4,122.8
New York Giants,DEF,NYG,99.16,4,21.089861703355638,170.5,238.6,170.5,355.0,99.1,131.1
New Orleans Saints,DEF,NO,98.945,4,21.416575161931625,244.6,244.6,244.6,287.0,92.8,128.6
Justice Hill,RB,BAL,98.4,4,18.880766227389532,171.8,,171.8,240.0,86.1,191.4
Shedeur Sanders,QB,CLE,97.12,3,18.522533124098693,171.1,236.1,171.1,289.0,,
Mike Washington,RB,LV,96.75,4,9.626884231151845,137.4,171.7,137.4,165.0,80.4,251.7
Indianapolis Colts,DEF,IND,96.67,4,16.05123775081951,219.0,219.0,219.0,309.0,93.9,128.4
Tyler Allgeier,RB,ARI,96.565,4,11.550550852664992,137.2,146.1,137.2,135.0,90.7,212.7
Brian Robinson,RB,ATL,96.50999999999999,4,15.007556985287996,149.9,155.8,149.9,167.0,85.3,212.7
Mason Taylor,TE,NYJ,96.4,3,18.145668904727653,224.3,224.3,224.3,274.0,,
Tennessee Titans,DEF,TEN,96.285,4,16.348686746443377,169.1,270.2,169.1,363.0,93.0,127.9
Drew Stevens,K,WAS,95.39500000000001,2,30.257099166972374,629.7,629.7,629.7,472.0,,
Michael Penix,QB,ATL,95.1,3,31.643631797461765,227.9,227.9,227.9,280.0,,
San Francisco 49ers,DEF,SF,95.045,4,18.95473621552144,170.1,218.9,170.1,283.0,95.0,125.7
Cincinnati Bengals,DEF,CIN,95.0,3,10.81684026568449,241.2,241.2,241.2,370.0,,
Evan Engram,TE,DEN,94.8,3,23.210752536988828,266.0,,266.0,242.0,,
Chris Bell,WR,MIA,94.77,3,20.94586594056211,170.5,240.9,170.5,255.0,,
Washington Commanders,DEF,WAS,94.44,3,17.058268767179552,345.0,,345.0,400.0,,
Cooper Kupp,WR,SEA,94.4,3,20.480430496777483,164.8,220.5,164.8,220.0,,
Tyreek Hill,WR,,93.7,1,,211.1,211.1,211.1,,,
Riley Patterson,K,MIA,92.5,2,44.54772721475249,267.0,267.0,267.0,,,
Daniel Carlson,K,NO,92.0,1,,,,,,,
Tory Horton,WR,SEA,92.0,3,12.781717411991236,228.7,228.7,228.7,262.0,,
Colby Parkinson,TE,LAR,91.85,3,11.267467920226503,174.5,251.4,174.5,261.0,,
Dallas Cowboys,DEF,DAL,91.56,3,15.391270252971324,168.5,199.4,168.5,325.0,,
Xavier Legette,WR,CAR,91.4,3,15.391270252971328,410.0,,410.0,276.0,,
Samaje Perine,RB,CIN,91.065,4,16.67061961455942,174.6,,174.6,266.0,73.1,146.2
Pat Bryant,WR,DEN,90.5,4,22.00236578188809,169.7,227.2,169.7,178.0,109.4,258.5
Miami Dolphins,DEF,MIA,90.5,3,21.441781642391568,299.0,299.0,299.0,391.0,,
Arizona Cardinals,DEF,ARI,90.12,3,18.78238891444146,273.0,273.0,273.0,463.0,,
Michael Mayer,TE,LV,90.01,3,10.94358411734169,331.5,,331.5,324.0,,
Las Vegas Raiders,DEF,LV,89.7,3,21.579233844910558,279.3,279.3,279.3,420.0,,
Jahan Dotson,WR,ATL,87.8,3,11.1825816935685,328.0,,328.0,323.0,,
Isaac TeSlaa,WR,DET,87.1,3,4.850323013298532,168.0,224.5,168.0,214.0,,
Carolina Panthers,DEF,CAR,86.52,3,13.133549913611832,238.4,238.4,238.4,358.0,,
Jalen Tolbert,WR,MIA,85.44,3,31.92091059686946,337.0,,337.0,328.0,,
New York Jets,DEF,NYJ,85.0,3,17.61628034896508,282.2,282.2,282.2,425.0,,
Andre Szmyt,K,CLE,84.0,1,,342.0,342.0,342.0,,,
Braelon Allen,RB,NYJ,83.74000000000001,4,21.583410295873076,162.6,205.8,162.6,164.0,67.5,213.2
Andrei Iosivas,WR,CIN,83.7,3,5.972168785290649,318.5,,318.5,308.0,,
Ted Hurst,WR,TB,83.2,3,20.178949427559406,170.6,239.6,170.6,254.0,,
Hollywood Brown,WR,PHI,81.08,1,,,,,295.0,,
Malachi Fields,WR,NYG,80.5,3,22.782691529609345,171.2,219.8,171.2,245.0,,
Darnell Washington,TE,PIT,80.3,3,5.514828495368948,312.0,,312.0,322.0,,
Zachariah Branch,WR,ATL,80.28,3,9.80347557416926,169.2,191.3,169.2,233.0,,
Tyquan Thornton,WR,KC,79.7,3,15.163152706478954,307.5,,307.5,267.0,,
Chimere Dike,WR,TEN,79.19,3,12.201517665164996,173.2,229.4,173.2,249.0,,
Brandon Aiyuk,WR,SF,78.65,2,41.08290398693841,251.4,251.4,251.4,,,
Dontayvion Wicks,WR,PHI,78.3,3,19.78571791301325,165.8,,165.8,174.0,,
Cole Kmet,TE,CHI,77.9,3,6.963514438366114,395.0,,395.0,340.0,,
Jack Bech,WR,LV,77.9,3,8.058585483817867,177.5,238.2,177.5,239.0,,
Ty Johnson,RB,BUF,77.75,4,16.256421039084834,345.0,,345.0,264.0,69.9,152.2
Dominic Zvada,K,NYG,76.71,3,40.564574446183954,355.3,355.3,355.3,502.0,134.0,191.8
Dawson Knox,TE,BUF,76.4,3,12.782046002107801,335.0,,335.0,351.0,,
Darius Slayton,WR,NYG,76.3,3,14.584187784492261,330.5,,330.5,270.0,,
Theo Johnson,TE,NYG,75.9,3,1.001665280087781,232.2,232.2,232.2,278.0,,
Antonio Williams,WR,WAS,75.2,3,22.13275024332343,171.6,236.6,171.6,235.0,,
Keon Coleman,WR,BUF,74.64,3,13.514826426311709,170.1,234.8,170.1,246.0,,
Tank Bigsby,RB,PHI,73.685,4,13.797918623232032,153.7,177.7,153.7,162.0,57.3,210.0
Noah Brown,WR,,73.65,2,91.00464273870867,633.8,633.8,633.8,,111.8,289.3
DeMario Douglas,WR,NE,72.3,3,9.560465469839846,329.0,,329.0,327.0,,
Malik Benson,WR,LV,72.08,2,16.235171696043132,,,,365.0,,
David Njoku,TE,LAC,70.2,3,25.738337812169092,169.9,207.6,169.9,241.0,,
Olamide Zaccheaus,WR,ATL,69.49,3,12.329883751817505,374.0,,374.0,345.0,,
Cyrus Allen,WR,KC,69.4,3,25.340378844839712,161.1,172.2,161.1,277.0,,
Tank Dell,WR,HOU,69.3,3,51.01148106063967,160.3,176.8,160.3,201.0,,
Jonah Coleman,RB,DEN,69.01,4,13.447487993425884,152.3,169.4,152.3,152.0,74.7,248.6
Marvin Mims,WR,DEN,66.83,3,4.142901559696216,219.5,219.5,219.5,279.0,,
Troy Franklin,WR,DEN,66.1,3,25.708219178568818,241.8,241.8,241.8,215.0,,
Darnell Mooney,WR,NYG,63.8,3,5.610136659060399,249.2,249.2,249.2,217.0,,
KaVontae Turpin,WR,DAL,63.53,3,7.800617496925057,253.0,,253.0,382.0,,
Emmett Johnson,RB,KC,63.35,4,14.632050152547547,163.6,208.8,163.6,182.0,63.6,217.6
Will Kacmarek,TE,MIA,61.69,2,0.12727922061357835,,,,459.0,,
MarShawn Lloyd,RB,GB,61.595,4,19.9010056278571,155.4,197.4,155.4,173.0,76.3,257.4
Elijah Arroyo,TE,SEA,61.5,3,12.033791311691148,393.0,,393.0,326.0,,
Noah Fant,TE,NO,61.2,3,14.820395856161648,304.0,,304.0,384.0,,
Najee Harris,RB,NYG,60.295,4,20.035560677621845,167.9,217.8,167.9,263.0,58.3,222.4
Kendrick Bourne,WR,ARI,59.8,3,13.776908216287138,330.5,,330.5,353.0,,
Kimani Vidal,RB,LAC,59.495000000000005,4,11.891258343842335,171.3,237.8,171.3,190.0,60.5,177.6
James Conner,RB,ARI,59.35,4,15.759943950830959,167.2,233.2,167.2,207.0,72.1,173.8
Noah Gray,TE,KC,59.1,3,5.0190470543055605,377.0,,377.0,352.0,,
Jaydon Blue,RB,DAL,58.45,4,14.120066099939713,170.0,229.7,170.0,222.0,69.9,234.6
Joe Royer,TE,CLE,57.8,1,,683.0,683.0,683.0,,,
Elic Ayomanor,WR,TEN,56.7,3,15.0637744274136,241.5,241.5,241.5,256.0,,
Mack Hollins,WR,NE,56.5,3,16.781040889448228,394.0,,394.0,301.0,,
Chris Brooks,RB,GB,56.3,3,9.61337783161222,301.0,,301.0,275.0,,
Charlie Kolar,TE,LAC,55.41,3,11.456615265135396,279.5,,279.5,333.0,,
Ray Davis,RB,BUF,54.75,4,14.558464891601723,167.7,225.7,167.7,196.0,33.9,171.8
Christopher Brooks,RB,GB,54.0,1,,582.0,,582.0,,48.4,153.3
LeQuint Allen,RB,JAX,53.900000000000006,4,10.986426094655775,385.0,,385.0,265.0,64.6,161.5
Savion Williams,WR,GB,53.4,3,14.547106241448848,285.0,,285.0,377.0,,
Jack Endries,TE,CIN,53.3,1,,,,,,,
Jordan James,RB,SF,53.150000000000006,4,14.593570216594244,172.9,,172.9,272.0,38.4,176.9
Kyle Juszczyk,RB,SF,52.86,2,2.630437226013956,,,,403.0,,
Emanuel Wilson,RB,SEA,52.635000000000005,4,14.321821055066053,250.3,250.3,250.3,223.0,43.4,160.0
Christian Kirk,WR,SF,52.4,3,23.505633367344092,241.7,241.7,241.7,268.0,,
Isaiah Davis,RB,NYJ,51.945,4,16.768165025825972,442.5,,442.5,257.0,67.9,173.4
Kaelon Black,RB,SF,50.65,4,24.14196260317983,168.8,215.1,168.8,251.0,54.1,191.8
Jaylen Wright,RB,MIA,50.519999999999996,4,4.133711004251103,171.9,247.9,171.9,237.0,46.0,175.7
Eli Stowers,TE,PHI,49.57,3,24.50974568071512,171.4,238.9,171.4,284.0,,
John Metchie,WR,CAR,48.8,1,,,,,,,
Sean Tucker,RB,TB,48.5,4,14.626107650362757,170.4,243.9,170.4,189.0,59.4,192.3
Marquise Brown,WR,PHI,48.3,2,27.152900397563425,166.0,,166.0,,,
Greg Dortch,WR,DET,48.1,3,23.0929166629077,273.0,,273.0,431.0,,
Jake Tonges,TE,SF,48.04,3,15.111161437824688,171.6,241.4,171.6,316.0,,
Elijah Sarratt,WR,BAL,47.7,3,13.930632912159206,229.2,229.2,229.2,269.0,,
Kirk Cousins,QB,LV,47.02,3,37.79614971572281,236.0,,236.0,281.0,,
Isaiah Bond,WR,CLE,46.605,2,22.903188642632273,,,,302.0,,
Kalif Raymond,WR,CHI,46.39,3,12.115322254621761,279.0,,279.0,373.0,,
Zavion Thomas,WR,CHI,46.040000000000006,2,15.782623356083741,,,,389.0,,
Xavier Hutchinson,WR,HOU,45.3,3,28.512350540306794,303.0,,303.0,332.0,,
Ben Sauls,K,NYG,44.75,2,19.445436482630058,369.0,369.0,369.0,416.0,,
Treylon Burks,WR,WAS,44.74,3,14.411426022430955,313.0,,313.0,361.0,,
Eli Raridon,TE,NE,44.5,3,7.275206755366704,327.0,,327.0,350.0,,
Josh Oliver,TE,MIN,44.2,3,10.437087716408252,273.0,,273.0,455.0,,
Luke Musgrave,TE,GB,43.894999999999996,2,4.659833688019345,,,,399.0,,
Erick All Jr.,TE,CIN,43.03,2,36.38771495985974,271.0,,271.0,335.0,,
Nicholas Singleton,RB,TEN,42.7,4,25.2080853431328,167.6,209.0,167.6,206.0,56.5,224.0
Elijah Higgins,TE,ARI,41.9,3,2.043819952931275,254.0,,254.0,428.0,,
Joshua Palmer,WR,BUF,41.6,3,19.397013515831073,322.0,,322.0,354.0,,
Tyler Higbee,TE,LAR,40.7,3,19.085767821424774,320.5,,320.5,342.0,,
John Michael Gyllenborg,TE,KC,40.4,1,,611.2,611.2,611.2,,,
Malik Davis,RB,DAL,40.325,4,15.1487279443963,340.25,,340.25,285.0,54.9,219.6
Daniel Bellinger,TE,TEN,40.1,3,9.584430082169726,296.0,,296.0,423.0,,
Ja'Tavion Sanders,TE,CAR,39.8,3,10.920567750808564,338.5,,338.5,359.0,,
Bryce Lance,WR,NO,39.46,3,1.8975071365698002,296.0,,296.0,329.0,,
Carson Beck,QB,ARI,39.08,2,22.401142827989826,,,,331.0,,
Jawhar Jordan,RB,HOU,38.57,2,16.36245091665671,,,,372.0,,
Tutu Atwell,WR,LAR,38.4,3,23.30785561422014,360.0,,360.0,398.0,,
Emari Demercado,RB,KC,38.3,3,25.82084687482836,288.0,,288.0,297.0,,
Max Klare,TE,LAR,38.21,2,25.30028063085467,248.8,248.8,248.8,349.0,,
Demarcus Robinson,WR,SF,38.1,3,20.690532456496456,266.0,,266.0,401.0,,
Jaylin Lane,WR,WAS,37.7,3,7.891934701537598,,,,397.0,,
Ty Chandler,RB,NO,37.6,1,,,,,448.0,,
Seth McGowan,RB,IND,37.349999999999994,4,12.231444109343753,414.0,,414.0,292.0,43.1,168.1
Isaiah Williams,WR,NYJ,37.21,2,8.358002153624989,,,,469.0,,
Marlin Klein,TE,HOU,36.935,2,10.51467783624396,,,,437.0,,
Devontez Walker,WR,BAL,36.864999999999995,2,9.849997461928607,,,,405.0,,
Jonnu Smith,TE,GB,35.9,1,,,,,,,
Colbie Young,WR,CIN,35.235,2,5.989194436650057,,,,394.0,,
Drew Sample,TE,CIN,35.16,2,5.034600282048216,,,,496.0,,
Frank Gore Jr.,RB,BUF,35.0,1,,,,,522.0,,
Ollie Gordon,RB,MIA,34.82,3,7.6764662008852325,171.0,,171.0,253.0,,
Michael Trigg,TE,DAL,33.8,1,,249.7,249.7,249.7,,,
Justin Joly,TE,DEN,33.775,2,34.259323548488226,,,,369.0,,
Kaytron Allen,RB,WAS,33.69,4,22.57054348777037,169.7,239.1,169.7,224.0,55.6,206.2
George Holani,RB,SEA,33.615,4,27.09862035233528,171.5,,171.5,244.0,66.1,189.3
Kevin Austin,WR,NO,33.2,3,26.137035664614558,351.0,,351.0,346.0,,
Austin Hooper,TE,ATL,33.2,3,15.002350926882537,430.0,430.0,430.0,424.0,,
Cade Stover,TE,HOU,33.13,3,3.4440722021080434,,,,505.0,,
DJ Giddens,RB,IND,32.92,2,4.12950360212944,,,,282.0,,
Kevin Coleman,WR,MIA,32.605000000000004,2,0.28991378028648707,,,,376.0,,
Cedric Tillman,WR,,32.6,3,24.495724797060678,667.4,667.4,667.4,339.0,,
Devin Neal,RB,NO,31.9,3,15.349999999999998,171.4,211.9,171.4,288.0,,
Tommy Tremble,TE,CAR,31.8,3,14.217272359117741,258.0,,258.0,390.0,,
John Bates,TE,WAS,31.8,3,11.763915164604002,,,,412.0,,
Matt Hibner,TE,BAL,31.8,1,,,,,,,
Miles Kitselman,TE,,31.6,1,,373.0,373.0,373.0,,,
Lance Mason,TE,PIT,31.6,1,,543.6,543.6,543.6,,,
Jaren Kanak,TE,TEN,31.6,1,,530.2,530.2,530.2,,,
Luke Schoonmaker,TE,DAL,31.4,3,0.2655811238272263,,,,500.0,,
Adam Trautman,TE,DEN,31.4,3,10.740508988559775,682.8,682.8,682.8,489.0,,
Jackson Hawes,TE,BUF,31.27,2,0.8909545442950485,613.5,613.5,613.5,487.0,,
Jordan Whittington,WR,LAR,31.21,3,5.199041578342429,267.0,,267.0,411.0,,
Kyle Williams,WR,NE,31.2,3,6.820742872542061,222.1,222.1,222.1,299.0,,
J'Mari Taylor,RB,JAX,30.7,1,,,,,,,
Zach Ertz,TE,,30.650000000000002,2,8.555992052357226,,,,466.0,,
Taylen Green,QB,CLE,30.3,1,,,,,,,
Aaron Anderson,WR,,30.2,1,,674.9,674.9,674.9,,,
Eric McAlister,WR,,30.1,1,,,,,,,
Adam Randall,RB,BAL,30.1,3,24.18373006796098,302.5,,302.5,298.0,,
Josh Cameron,WR,JAX,29.8,2,42.143564158718235,,,,525.0,,
Luke McCaffrey,WR,WAS,29.6,2,28.708535316173826,,,,347.0,,
Nick Westbrook-Ikhine,WR,IND,29.5,3,8.024078347905968,324.0,,324.0,392.0,,
Brevyn Spann-Ford,TE,DAL,29.4,1,,,,,,,
Eric Rivers,WR,TB,29.4,1,,537.4,537.4,537.4,,,
Konata Mumpfield,WR,LAR,29.18,3,8.262332196984902,251.0,,251.0,334.0,,
Ben Sinnott,TE,WAS,29.175,2,2.3688077169749353,,,,417.0,,
Brandin Cooks,WR,,28.8,1,,,,,,,
Skyler Bell,WR,BUF,28.35,3,21.64926865585379,329.0,,329.0,305.0,,
Tyler Lockett,WR,,28.3,1,,,,,,,
Odell Beckham,WR,NYG,28.0,3,19.19433597010674,262.0,,262.0,447.0,,
Theo Wease,WR,MIA,28.0,2,27.01147904132612,,,,486.0,,
Roman Wilson,WR,PIT,27.814999999999998,2,1.4354267658086897,,,,379.0,,
Josh Cuevas,TE,BAL,27.8,1,,697.1,697.1,697.1,,,
Will Shipley,RB,PHI,27.59,3,13.522020312561777,290.0,,290.0,321.0,,
Brenen Thompson,WR,LAC,27.45,3,12.205770493227101,305.0,,305.0,357.0,,
Nate Boerkircher,TE,JAX,27.4,3,10.773677799773544,,,,503.0,,
Derek Carr,QB,,27.18,1,,,,,,,
Darius Cooper,WR,PHI,27.0,2,28.708535316173826,,,,,,
Will Dissly,TE,,27.0,1,,,,,,,
Marquez Valdes-Scantling,WR,DAL,26.9,1,,629.8,629.8,629.8,,,
David Sills,WR,TB,26.9,1,,405.0,405.0,405.0,,,
KeAndre Lambert-Smith,WR,LAC,26.630000000000003,2,12.544074298249352,,,,515.0,,
Tanner Hudson,TE,CIN,26.3,3,12.803796312031833,,,,512.0,,
Dyami Brown,WR,WAS,26.3,3,20.911913669803948,280.0,,280.0,433.0,,
Brashard Smith,RB,KC,26.2,4,23.66579810612775,226.3,226.3,226.3,291.0,52.6,141.2
Jalen Royals,WR,KC,26.09,2,11.04500792213387,,,,341.0,,
Jermaine Burton,WR,,26.0,1,,594.0,594.0,594.0,,,
Jahdae Walker,WR,CHI,25.9,3,23.591102842667897,280.0,,280.0,482.0,,
Brock Wright,TE,DET,25.8,2,2.1213203435596424,690.8,690.8,690.8,,,
Demond Claiborne,RB,MIN,25.700000000000003,4,11.430614958668379,172.4,242.0,172.4,259.0,39.5,176.7
Sam Roush,TE,CHI,25.685000000000002,2,11.052078989945738,,,,492.0,,
Jimmy Horn,WR,CAR,25.67,2,6.40638743755012,,,,478.0,,
Jeremy Ruckert,TE,NYJ,25.604999999999997,2,23.05875213449331,,,,510.0,,
Grant Calcaterra,TE,PHI,25.6,1,,685.8,685.8,685.8,,,
Desmond Reid,RB,,25.3,1,,652.5,652.5,652.5,,,
Hunter Luepke,RB,DAL,24.96,1,,,,,434.0,,
Tez Johnson,WR,TB,24.7,3,9.022128352002092,389.0,,389.0,338.0,,
CJ Daniels,WR,LAR,24.455,2,20.994000333428595,,,,402.0,,
Kareem Hunt,RB,,24.2,1,,,,,,,
Lil'Jordan Humphrey,WR,DEN,24.0,1,,,,,,,
Justin Fields,QB,KC,23.39,2,16.023039661687168,,,,360.0,,
Deion Burks,WR,IND,23.3,1,,,,,,,
Jam Miller,RB,NE,22.7,2,3.2526911934581197,,,,409.0,,
Audric Estime,RB,NO,22.6,3,13.346160496562298,237.4,237.4,237.4,320.0,,
Will Howard,QB,PIT,22.5,1,,,,,,,
J.J. McCarthy,QB,MIN,22.46,3,17.685444109021784,224.2,224.2,224.2,330.0,,
Kendre Miller,RB,NO,22.41,3,21.8828860071061,169.6,224.8,169.6,294.0,39.6,173.1
Devin Singletary,RB,NYG,22.1,4,23.2845442300252,394.5,,394.5,296.0,49.9,168.1
Tahj Brooks,RB,CIN,21.32,2,4.355777772109133,,,,315.0,,
Austin Ekeler,RB,,21.200000000000003,2,16.829141392239833,,,,426.0,,
Roschon Johnson,RB,CHI,21.0,2,18.950461735799475,,,,388.0,,
Tanner Koziol,TE,JAX,21.0,2,16.687720036002517,,,,474.0,,
Trey Benson,RB,ARI,20.0,3,28.37839553839035,343.0,,343.0,293.0,39.2,162.2
Ashton Dulin,WR,IND,19.7,3,31.573591813412676,250.0,,250.0,415.0,,
Joe Flacco,QB,CIN,19.53,2,12.996622638208743,,,,380.0,,
Rasheen Ali,RB,BAL,19.35,2,27.365032431919392,,,,418.0,,
Jerome Ford,RB,WAS,19.0,1,,,,,312.0,,
Tai Felton,WR,MIN,18.994999999999997,2,14.432049404017434,692.7,692.7,692.7,449.0,,
Gardner Minshew,QB,ARI,18.835,2,12.904698756654492,677.8,677.8,677.8,509.0,,
Mac Jones,QB,SF,18.63,2,11.440987719598338,,,,348.0,,
Ty Simpson,QB,LAR,18.495,2,6.894291116568839,241.8,241.8,241.8,364.0,,
Mitchell Evans,TE,CAR,18.424999999999997,2,3.8537319574666835,,,,413.0,,
Kaleb Johnson,RB,PIT,18.2,3,13.575621532732857,174.2,217.5,174.2,303.0,,
Younghoe Koo,K,,18.0,1,,339.0,339.0,339.0,,,
Zane Gonzalez,K,,18.0,2,25.45584412271571,,,,374.0,,
Brandon McManus,K,,18.0,2,25.45584412271571,680.6,680.6,680.6,410.0,,
Oscar Delp,TE,NO,17.98,3,14.601465679855567,381.0,,381.0,317.0,,
Elijah Mitchell,RB,,17.700000000000003,2,11.879393923933998,692.5,692.5,692.5,521.0,,
Reggie Virgil,WR,ARI,17.085,2,12.749135264793452,,,,507.0,,
Jake Moody,K,,17.0,2,24.041630560342615,333.0,333.0,333.0,435.0,,
Xavier Smith,WR,LAR,16.98,2,10.069200564096437,551.0,551.0,551.0,480.0,,
Durham Smythe,TE,BAL,16.705000000000002,2,9.623723291948913,,,,514.0,,
Cade Klubnik,QB,NYJ,16.69,2,10.337901140947324,,,,414.0,,
Luke Farrell,TE,SF,16.6,2,9.19238815542512,491.0,491.0,491.0,,,
Michael Burton,RB,CLE,16.52,1,,,,,513.0,,
Alec Ingold,RB,LAC,16.4,1,,,,,458.0,,
Anthony Richardson,QB,IND,15.84,2,7.749890321804561,,,,378.0,,
Drew Allar,QB,PIT,15.69,2,8.95197184982169,699.6,699.6,699.6,490.0,,
Marcus Mariota,QB,WAS,15.565000000000001,2,3.457752160002219,,,,408.0,,
Mo Alie-Cox,TE,IND,15.4,1,,527.6,527.6,527.6,,,
Tip Reiman,TE,ARI,15.4,1,,,,,,,
Barion Brown,WR,NO,15.4,3,28.56506957807035,,,,419.0,,
Trevor Etienne,RB,CAR,14.79,3,12.87668565017153,288.0,,288.0,306.0,,
Connor Heyward,TE,LV,14.7,1,,682.0,682.0,682.0,,,
Davis Allen,TE,LAR,14.55,2,12.232947314527271,660.7,660.7,660.7,,,
Michael Badgley,K,,14.0,1,,667.0,667.0,667.0,,,
Matt Prater,K,,14.0,1,,687.8,687.8,687.8,,,
Graham Gano,K,,14.0,1,,691.0,691.0,691.0,,,
Tim Patrick,WR,NYJ,13.7,1,,556.3,556.3,556.3,,,
Dameon Pierce,RB,PHI,13.200000000000001,2,12.586500705120548,,,,430.0,,
Will Levis,QB,TEN,12.7,1,,,,,,,
Spencer Rattler,QB,NO,12.68,1,,,,,,,
Tyler Huntley,QB,BAL,12.68,1,,,,,,,
Diego Pavia,QB,,12.52,1,,,,,,,
Trey Lance,QB,LAC,12.515,2,2.9769195487953644,,,,524.0,,
Donovan Edwards,RB,MIA,12.5,2,14.707821048680188,641.8,641.8,641.8,497.0,,
Tyson Bagent,QB,CHI,12.5,1,,,,,,,
Raheem Mostert,RB,,12.5,1,,,,,,,
Carson Wentz,QB,MIN,12.44,1,,,,,,,
Riley Leonard,QB,IND,12.43,2,0.014142135623730649,,,,442.0,,
Tanner McKee,QB,PHI,12.42,1,,,,,,,
Joshua Dobbs,QB,DET,12.4,1,,692.3,692.3,692.3,,,
Clayton Tune,QB,,12.4,1,,,,,,,
Tommy DeVito,QB,NE,12.38,1,,,,,,,
Jimmy Garoppolo,QB,,12.32,1,,685.4,685.4,685.4,,,
Jameis Winston,QB,NYG,12.285,2,0.8131727983645286,,,,407.0,,
Jarrett Stidham,QB,DEN,12.22,1,,,,,,,
Davis Mills,QB,HOU,12.04,1,,,,,,,
Nick Mullens,QB,JAX,12.04,1,,660.0,660.0,660.0,,,
Kyle Allen,QB,BUF,12.0,1,,665.6,665.6,665.6,,,
Quinn Ewers,QB,MIA,11.985,2,0.5868986283848344,,,,464.0,,
Mitchell Trubisky,QB,TEN,11.94,1,,,,,,,
Tyrod Taylor,QB,GB,11.879999999999999,2,1.4424978336205576,658.2,658.2,658.2,504.0,,
Dillon Gabriel,QB,CLE,11.86,1,,,,,,,
Andy Dalton,QB,PHI,11.82,1,,,,,,,
Teddy Bridgewater,QB,,11.58,1,,,,,,,
Jalen Milroe,QB,SEA,11.48,2,3.365828278447966,,,,520.0,,
Josh Johnson,QB,CIN,11.34,1,,544.0,544.0,544.0,,,
Jake Browning,QB,TB,11.25,1,,,,,499.0,,
Jaydn Ott,RB,KC,11.2,1,,635.8,635.8,635.8,,,
Isaac Guerendo,RB,SF,10.525,2,6.116473657263636,,,,307.0,,
Joe Milton,QB,DAL,10.469999999999999,2,2.7294321753800745,,,,421.0,,
Adam Prentice,RB,DEN,10.46,1,,,,,479.0,,
Dont'e Thornton,WR,LV,10.36,2,8.004448763031718,,,,383.0,,
Bo Melton,WR,GB,9.8,1,,695.0,695.0,695.0,,,
Foster Moreau,TE,HOU,9.8,1,,638.3,638.3,638.3,,,
Mitch Tinsley,WR,CIN,9.74,1,,,,,453.0,,
Max Bredeson,RB,MIN,9.61,1,,,,,471.0,,
Jarquez Hunter,RB,MIA,9.6,3,8.70019156877211,240.6,240.6,240.6,311.0,,
Riley Nowakowski,TE,PIT,9.6,1,,643.4,643.4,643.4,,,
Taysom Hill,TE,,9.5,1,,,,,,,
Jeremy McNichols,RB,WAS,9.4,1,,,,,,,
Dare Ogunbowale,RB,LV,9.2,1,,,,,,,
Isaiah Hodgins,WR,NYG,9.2,1,,,,,,,
Cade York,K,,9.0,1,,350.0,350.0,350.0,,,
Tyler Conklin,TE,DET,8.91,3,25.255000164983834,676.4,676.4,676.4,518.0,,
Mason Rudolph,QB,PIT,8.615,2,4.334564568673536,,,,508.0,,
Cody White,WR,SEA,8.5,1,,664.0,664.0,664.0,,,
Dean Connors,RB,LAR,8.4,1,,666.2,666.2,666.2,,,
Payne Durham,TE,TB,8.1,1,,564.0,564.0,564.0,,,
Lucas Krull,TE,DEN,8.1,1,,,,,,,
Michael Carter,RB,TEN,8.1,1,,686.5,686.5,686.5,,,
Charlie Woerner,TE,ATL,8.0,1,,641.5,641.5,641.5,,,
Quintin Morris,TE,JAX,8.0,1,,,,,,,
Seydou Traore,TE,MIA,8.0,1,,668.6,668.6,668.6,,,
Reggie Gilliam,RB,NE,7.95,1,,,,,456.0,,
Jack Stoll,TE,CLE,7.5,1,,621.3,621.3,621.3,,,
Jaleel McLaughlin,RB,DEN,7.5,1,,,,,,,
Tucker Fisk,TE,,7.5,1,,,,,,,
Dallin Holker,TE,,7.5,1,,,,,,,
Damien Martinez,RB,GB,7.5,1,,,,,,,
Pierre Strong,RB,GB,7.5,1,,682.0,682.0,682.0,,,
Patrick Ricard,RB,NYG,7.4,1,,,,,462.0,,
Devin Culp,TE,TB,7.3,1,,342.0,342.0,342.0,,,
Dante Pettis,WR,BUF,7.3,1,,565.3,565.3,565.3,,,
Jack Velling,TE,ATL,7.3,1,,664.6,664.6,664.6,,,
Ronnie Rivers,RB,LAR,7.1,1,,,,,,,
Arian Smith,WR,NYJ,7.1,1,,,,,,,
Xavier Weaver,WR,ARI,7.1,1,,647.0,647.0,647.0,,,
Malachi Corley,WR,CLE,6.8,1,,242.0,242.0,242.0,,,
Van Jefferson,WR,WAS,6.8,1,,550.0,550.0,550.0,,,
Phil Mafah,RB,DAL,6.7,3,13.954556006313256,323.0,,323.0,387.0,,
Dane Key,WR,DEN,6.6,1,,,,,,,
Trebor Pena,WR,JAX,6.6,1,,662.5,662.5,662.5,,,
Noah Thomas,WR,CIN,6.6,1,,646.8,646.8,646.8,,,
Chase Roberts,WR,LV,6.6,1,,350.0,350.0,350.0,,,
Jalen Brooks,WR,ARI,6.5,1,,691.3,691.3,691.3,,,
Tyler Johnson,WR,DAL,6.5,1,,537.5,537.5,537.5,,,
Josh Reynolds,WR,,6.5,1,,,,,,,
Allen Lazard,WR,,6.4,1,,694.8,694.8,694.8,,,
Josh Whyle,TE,GB,6.2,1,,695.5,695.5,695.5,,,
Brevin Jordan,TE,HOU,6.1,1,,651.3,651.3,651.3,,,
Will Ferrin,K,,6.0,1,,442.2,442.2,442.2,,,
Lenny Krieg,K,,6.0,1,,677.5,677.5,677.5,,,
Stone Smartt,TE,PHI,5.7,1,,,,,,,
Nate Adkins,TE,DEN,5.7,1,,627.5,627.5,627.5,,,
Eric Saubert,TE,SEA,5.7,1,,575.5,575.5,575.5,,,
Kalel Mullings,RB,TEN,5.6,1,,690.0,690.0,690.0,,,
Julius Chestnut,RB,TEN,5.6,1,,,,,,,
Julian Hill,TE,NE,5.6,1,,668.8,668.8,668.8,,,
Drew Ogletree,TE,IND,5.4,1,,,,,,,
Curtis Samuel,WR,,5.3,1,,688.8,688.8,688.8,,,
Kenny McIntosh,RB,,5.2,1,,684.4,684.4,684.4,,,
Zamir White,RB,NO,5.1,1,,631.7,631.7,631.7,,,
Cam Akers,RB,,5.1,1,,653.3,653.3,653.3,,,
Dee Eskridge,WR,,4.9,1,,,,,,,
Xavier Restrepo,WR,TEN,4.8,1,,675.0,675.0,675.0,,,
Ameer Abdullah,RB,JAX,4.8,1,,612.4,612.4,612.4,,,
Tyler Goodson,RB,ATL,4.8,1,,683.8,683.8,683.8,,,
Kameron Johnson,WR,TB,4.8,1,,,,,,,
Raheim Sanders,RB,CLE,4.7,1,,,,,,,
Efton Chism,WR,NE,4.6,1,,,,,,,
Dareke Young,WR,LV,4.6,1,,676.0,676.0,676.0,,,
Craig Reynolds,RB,WAS,4.4,1,,530.8,530.8,530.8,,,
Blake Whiteheart,TE,CLE,4.4,1,,,,,,,
Jacardia Wright,RB,SEA,4.3,1,,677.2,677.2,677.2,,,
David Moore,WR,CAR,4.3,1,,575.5,575.5,575.5,,,
Dylan Laube,RB,LV,4.2,3,6.035174672976196,,,,440.0,,
Tylan Wallace,WR,CLE,4.2,1,,669.8,669.8,669.8,,,
Ricky White,WR,SEA,4.2,1,,676.5,676.5,676.5,,,
Tyler Badie,RB,DEN,4.2,2,5.939696961966999,,,,467.0,,
Jake Bobo,WR,SEA,4.2,1,,,,,,,
Kaden Wetjen,WR,PIT,4.2,1,,,,,,,
Chris Moore,WR,BAL,4.1,1,,,,,,,
JuJu Smith-Schuster,WR,,4.1,1,,,,,,,
Harrison Bryant,TE,,4.0,1,,631.5,631.5,631.5,,,
Ian Thomas,TE,LV,4.0,1,,,,,,,
Jamal Haynes,RB,CIN,4.0,1,,,,,,,
Tyrell Shavers,WR,BUF,4.0,1,,651.4,651.4,651.4,,,
Kylen Granson,TE,TEN,4.0,1,,505.0,505.0,505.0,,,
Ben Yurosek,TE,MIN,4.0,1,,,,,,,
Cameron Latu,TE,PHI,4.0,1,,673.1,673.1,673.1,,,
Sione Vaki,RB,DET,4.0,1,,,,,,,
Trent Sherfield,WR,BUF,3.9,1,,699.3,699.3,699.3,,,
Antonio Gibson,RB,,3.9,1,,,,,,,
Max Bredeson,TE,MIN,3.8,1,,667.3,667.3,667.3,,,
Jalen Reagor,WR,MIA,3.41,1,,,,,495.0,,
Anthony Gould,WR,IND,3.2,1,,,,,,,
Skyy Moore,WR,GB,3.0,1,,685.4,685.4,685.4,,,
Zavier Scott,RB,MIN,2.8,2,3.959797974644666,693.0,693.0,693.0,454.0,,
DeAndre Hopkins,WR,,2.5,1,,,,,,,
Jordan Watkins,WR,SF,2.4,1,,,,,,,
British Brooks,RB,HOU,2.36,1,,,,,485.0,,
Ko Kieft,TE,TB,2.3,1,,,,,,,
Chris Manhertz,TE,NYG,2.3,1,,625.3,625.3,625.3,,,
Shane Zylstra,TE,BUF,2.3,1,,,,,,,
Robert Tonyan,TE,PIT,1.9,1,,687.9,687.9,687.9,,,
Gage Larvadain,WR,CLE,1.9,1,,,,,,,
Feleipe Franks,TE,CAR,1.9,1,,,,,,,
DeAndre Carter,WR,,1.8,1,,,,,,,
Jacob Cowing,WR,SF,1.7,3,2.379775899813538,315.0,,315.0,476.0,,
LaJohntay Wester,WR,BAL,1.0,1,,,,,,,
Clyde Edwards-Helaire,RB,,0.8,1,,,,,,,
Nikko Remigio,WR,KC,0.6,1,,,,,,,
Sterling Shepard,WR,HOU,0.6,1,,507.0,507.0,507.0,,,
James Proche,WR,,0.6,1,,,,,,,
Ben Skowronek,WR,PIT,0.6,1,,667.7,667.7,667.7,,,
Kene Nwangwu,RB,NYJ,0.0,1,,,,,506.0,,
Spencer Shrader,K,IND,0.0,1,,,,,432.0,,
Jacob Saylors,RB,DET,0.0,1,,,,,488.0,,
Bam Knight,RB,ARI,0.0,1,,,,,343.0,,
Derius Davis,WR,LAC,-0.9,1,,,,,,,
Devin Duvernay,WR,ARI,-1.4,1,,,,,,,
