player_name,position,team,projected_points,consensus_projection,floor_points,ceiling_points,ds_value,games_played,strength_of_schedule,injury_risk_pct,adp
Josh Allen,QB,BUF,376,366,304.4,439.7,52,17,-3.4,33.0,25
Jahmyr Gibbs,RB,DET,359,350,294.0,412.3,100,17,0.9,54.0,1
Puka Nacua,WR,LAR,356,333,270.2,398.2,100,17,-3.1,51.0,4
Bijan Robinson,RB,ATL,346,349,294.0,404.7,95,17,-3.2,25.0,2
Lamar Jackson,QB,BAL,340,326,298.8,438.1,35,17,1.1,42.0,45
Ja'Marr Chase,WR,CIN,339,326,291.4,399.8,97,17,4.0,37.0,3
Drake Maye,QB,NE,338,315,293.7,425.3,31,17,-2.8,35.0,57
Joe Burrow,QB,CIN,337,310,289.9,421.3,30,17,3.2,34.0,59
Jayden Daniels,QB,WAS,334,314,287.4,434.5,31,17,-0.4,41.0,65
Christian McCaffrey,RB,SF,331,315,274.7,410.5,89,17,0.7,78.0,5
Jalen Hurts,QB,PHI,331,313,288.1,430.5,30,17,8.8,33.0,67
Trevor Lawrence,QB,JAC,329,308,279.9,414.9,27,17,4.5,34.0,90
Brock Purdy,QB,SF,327,303,278.1,415.5,27,17,-4.0,36.0,120
Justin Herbert,QB,LAC,326,305,280.7,417.8,27,17,-2.8,36.0,88
Kyler Murray,QB,MIN,325,281,273.0,419.3,26,17,4.0,33.0,139
Dak Prescott,QB,DAL,325,306,282.7,412.7,26,17,0.5,34.0,82
Caleb Williams,QB,CHI,324,302,278.4,420.9,26,17,-3.5,20.0,77
Jaxson Dart,QB,NYG,319,305,277.1,417.3,25,17,4.8,36.0,95
Amon-Ra St. Brown,WR,DET,316,302,287.9,357.5,83,17,-1.0,37.0,8
Jaxon Smith-Njigba,WR,SEA,315,311,286.7,374.9,85,17,-0.1,39.0,6
Bo Nix,QB,DEN,312,290,280.9,412.0,23,17,-3.7,28.0,114
Patrick Mahomes,QB,KC,309,298,277.7,416.6,23,17,-3.2,37.0,111
Jared Goff,QB,DET,303,285,278.4,402.5,20,17,-0.9,23.0,123
CeeDee Lamb,WR,DAL,301,269,262.2,361.6,77,17,-0.7,44.0,10
Matthew Stafford,QB,LAR,299,289,277.8,403.3,19,17,-0.0,39.0,100
Jonathan Taylor,RB,IND,299,297,254.0,364.6,70,17,1.7,37.0,7
Jordan Love,QB,GB,296,274,278.4,402.8,19,17,-0.3,82.0,147
Tyler Shough,QB,NO,296,274,272.6,408.9,19,17,0.5,17.0,149
James Cook,RB,BUF,293,259,255.1,363.6,68,17,-4.2,36.0,9
Justin Jefferson,WR,MIN,292,260,248.0,379.3,75,17,4.9,36.0,11
Baker Mayfield,QB,TB,291,280,276.6,404.8,18,17,-0.8,37.0,133
Kenneth Walker III,RB,KC,279,244,231.5,362.6,61,17,0.6,34.0,17
Daniel Jones,QB,IND,277,270,260.7,404.9,14,17,1.6,36.0,186
Malik Willis,QB,MIA,275,268,264.1,409.9,14,17,-2.0,15.0,162
Drake London,WR,ATL,273,271,251.5,330.8,62,17,0.4,73.0,18
A.J. Brown,WR,NE,272,259,228.5,345.4,62,17,-2.5,61.0,19
De'Von Achane,RB,MIA,271,277,236.2,350.2,58,17,0.8,68.0,13
C.J. Stroud,QB,HOU,270,264,264.9,389.3,8,17,4.4,29.0,182
Rashee Rice,WR,KC,269,243,209.4,332.9,57,17,-2.6,74.0,29
Nico Collins,WR,HOU,269,251,234.0,330.8,59,17,4.4,49.0,24
Saquon Barkley,RB,PHI,268,252,232.8,366.6,59,17,4.4,35.0,14
Ashton Jeanty,RB,LVR,267,245,199.6,353.2,56,15,-3.1,39.0,12
Chase Brown,RB,CIN,267,260,226.7,354.8,56,17,-4.0,45.0,15
Cameron Ward,QB,TEN,264,239,253.3,403.7,10,17,6.3,39.0,193
George Pickens,WR,DAL,262,245,232.9,329.8,56,17,-0.7,36.0,23
Derrick Henry,RB,BAL,262,252,223.1,333.3,51,17,-0.1,33.0,20
Sam Darnold,QB,SEA,261,256,258.1,391.1,5,17,0.4,29.0,189
Brock Bowers,TE,LVR,259,246,236.1,311.3,53,17,-1.0,81.0,22
Aaron Rodgers,QB,PIT,258,214,252.9,384.5,4,17,-2.1,53.0,234
Chris Olave,WR,NO,256,243,215.4,307.7,50,17,0.9,75.0,27
Omarion Hampton,RB,LAC,254,238,221.3,361.1,52,17,0.6,73.0,16
Josh Jacobs,RB,GB,254,227,188.1,315.1,42,17,-2.2,67.0,35
Trey McBride,TE,ARI,253,240,235.7,304.2,51,17,-3.6,46.0,21
Zay Flowers,WR,BAL,253,226,224.8,295.6,48,17,-0.3,36.0,36
Breece Hall,RB,NYJ,250,230,212.4,317.4,43,17,-2.5,43.0,33
Jacoby Brissett,QB,ARI,247,275,194.0,357.5,5,13,-1.2,10.0,238
Bryce Young,QB,CAR,247,253,244.1,394.6,5,17,-0.8,32.0,219
Garrett Wilson,WR,NYJ,244,231,219.2,299.6,45,17,-1.0,38.0,39
Tee Higgins,WR,CIN,244,222,217.0,302.3,45,17,4.0,66.0,41
Malik Nabers,WR,NYG,243,234,191.6,340.6,50,16,3.7,39.0,30
DeVonta Smith,WR,PHI,242,232,222.7,305.0,45,17,6.6,50.0,34
Colston Loveland,TE,CHI,241,222,197.3,288.7,44,17,-3.6,60.0,43
Geno Smith,QB,NYJ,241,236,214.4,387.3,3,16,-4.4,36.0,474
Javonte Williams,RB,DAL,240,224,209.1,305.3,38,17,2.9,43.0,31
Fernando Mendoza,QB,LVR,240,238,178.1,356.2,3,13,-6.2,23.0,210
Jeremiyah Love,RB,ARI,240,236,208.5,345.2,44,17,0.1,34.0,28
Jaylen Waddle,WR,DEN,235,217,199.4,300.3,40,17,-2.5,37.0,46
Kyren Williams,RB,LAR,233,223,207.3,302.8,35,17,6.4,52.0,32
Davante Adams,WR,LAR,230,208,188.9,290.2,36,17,-3.1,49.0,51
Travis Etienne,RB,NO,228,216,207.1,316.4,36,17,1.8,45.0,40
Christian Watson,WR,GB,226,197,187.9,289.7,35,17,1.3,25.0,64
D'Andre Swift,RB,CHI,224,213,190.6,295.9,31,17,-3.6,42.0,53
Tyler Warren,TE,IND,224,207,184.1,267.1,37,17,1.5,36.0,54
Tetairoa McMillan,WR,CAR,223,220,198.7,290.2,35,17,-1.3,37.0,37
Emeka Egbuka,WR,TB,223,218,189.4,298.6,35,17,2.6,42.0,38
Luther Burden III,WR,CHI,222,209,184.7,300.3,35,17,-2.5,54.0,52
Ladd McConkey,WR,LAC,221,225,194.3,295.9,35,17,-2.6,42.0,44
Mike Evans,WR,SF,218,202,176.3,296.1,32,17,-3.2,65.0,62
Terry McLaurin,WR,WAS,217,210,190.9,288.5,32,17,-2.4,37.0,55
Cameron Skattebo,RB,NYG,214,213,175.5,301.8,29,17,2.2,72.0,42
Parker Washington,WR,JAC,211,195,175.5,274.9,27,17,4.0,0.0,68
Bucky Irving,RB,TB,211,203,183.7,297.7,29,17,-2.2,63.0,48
Jameson Williams,WR,DET,210,205,184.9,279.5,28,17,-1.0,36.0,58
D.J. Moore,WR,BUF,209,199,175.9,282.7,27,17,0.7,54.0,50
David Montgomery,RB,HOU,207,194,177.6,295.4,28,17,2.0,85.0,49
D.K. Metcalf,WR,PIT,207,190,174.2,263.4,24,17,-2.6,36.0,78
Rome Odunze,WR,CHI,206,197,181.3,296.7,29,17,-2.5,36.0,61
Quinshon Judkins,RB,CLE,202,196,181.8,292.9,27,17,0.6,48.0,47
Michael Pittman Jr.,WR,PIT,202,185,173.4,258.1,21,17,-2.6,60.0,93
Carnell Tate,WR,TEN,201,176,168.5,280.8,24,17,5.0,40.0,66
Jaylen Warren,RB,PIT,201,183,162.8,275.3,25,17,-2.1,66.0,69
Rhamondre Stevenson,RB,NE,199,179,167.5,283.1,26,17,-1.9,64.0,74
Courtland Sutton,WR,DEN,199,184,171.1,264.5,21,17,-2.5,43.0,76
Jayden Reed,WR,GB,198,175,164.3,265.3,21,17,1.3,36.0,118
Harold Fannin Jr.,TE,CLE,197,186,173.6,250.5,27,17,3.4,57.0,70
Sam LaPorta,TE,DET,196,187,172.2,254.4,27,17,-2.0,60.0,80
Marvin Harrison Jr.,WR,ARI,196,185,172.6,276.6,22,17,-0.8,55.0,72
Jordan Addison,WR,MIN,196,168,162.4,266.2,20,17,4.9,37.0,107
Tucker Kraft,TE,GB,195,184,169.5,259.2,27,17,-3.3,39.0,71
Jakobi Meyers,WR,JAC,194,165,160.9,261.6,19,17,4.0,37.0,112
Josh Downs,WR,IND,190,168,157.7,266.0,18,17,-0.8,61.0,106
TreVeyon Henderson,RB,NE,190,183,161.6,306.1,26,17,-1.9,64.0,56
Quentin Johnston,WR,LAC,189,169,156.5,271.5,18,17,-2.6,56.0,102
Brian Thomas Jr.,WR,JAC,189,180,164.5,279.8,20,17,4.0,35.0,75
Chris Godwin,WR,TB,189,179,153.4,278.4,19,17,2.6,40.0,91
George Kittle,TE,SF,187,185,141.4,257.4,23,16,-3.6,44.0,98
Stefon Diggs,WR,WAS,186,165,154.8,276.0,18,17,-2.4,31.0,110
Kyle Pitts,TE,ATL,186,179,170.8,246.9,23,17,4.8,53.0,73
Travis Kelce,TE,KC,183,174,157.8,220.1,16,17,1.9,42.0,104
Xavier Worthy,WR,KC,183,155,149.9,266.9,15,17,-2.6,35.0,129
Jadarian Price,RB,SEA,183,180,146.1,299.5,24,17,5.6,29.0,63
Bhayshul Tuten,RB,JAC,182,181,156.9,304.6,24,17,0.9,43.0,60
Rico Dowdle,RB,PIT,182,175,156.4,278.3,23,17,-2.1,27.0,83
KC Concepcion,WR,CLE,181,154,148.0,265.4,14,17,4.3,29.0,126
Romeo Doubs,WR,NE,180,157,154.4,263.9,14,17,-2.5,37.0,128
Michael Wilson,WR,ARI,178,168,149.2,264.7,13,17,-0.8,42.0,84
Brandon Aubrey,K,DAL,177,175,157.4,191.1,14,17,-3.5,8.0,101
Wan'Dale Robinson,WR,TEN,177,173,154.0,258.4,13,17,5.0,36.0,96
Jonathon Brooks,RB,CAR,176,168,144.0,302.0,23,17,-6.0,35.0,87
Tony Pollard,RB,TEN,175,168,150.7,269.9,21,17,2.9,35.0,81
Khalil Shakir,WR,BUF,173,156,152.4,239.1,9,17,0.7,35.0,132
Jordyn Tyson,WR,NO,171,139,109.0,225.3,8,13,0.9,45.0,115
Alec Pierce,WR,IND,171,179,136.9,262.2,11,16,-0.8,67.0,94
J.K. Dobbins,RB,DEN,171,157,144.9,269.4,20,17,0.1,39.0,92
Cameron Dicker,K,LAC,170,160,151.3,181.9,10,17,-3.1,9.0,131
Makai Lemon,WR,PHI,169,153,145.3,280.5,13,17,6.6,33.0,108
RJ Harvey,RB,DEN,165,151,136.7,271.8,19,17,0.1,36.0,86
Jake Ferguson,TE,DAL,165,164,149.9,199.3,6,17,-2.5,55.0,119
Deebo Samuel,WR,SF,164,142,134.6,264.3,8,17,-3.2,51.0,134
Matthew Golden,WR,GB,164,160,146.1,275.9,11,17,1.3,37.0,124
Dallas Goedert,TE,PHI,164,161,144.2,208.2,7,17,7.1,83.0,125
Dalton Kincaid,TE,BUF,162,158,142.3,223.1,8,17,-1.4,62.0,121
Jordan Mason,RB,MIN,162,146,131.6,268.0,18,17,-0.1,39.0,109
Rashid Shaheed,WR,SEA,159,145,136.7,252.7,5,17,-0.1,38.0,140
Brenton Strange,TE,JAC,159,151,138.6,203.9,4,17,2.5,48.0,158
Mark Andrews,TE,BAL,159,157,141.6,211.6,5,17,3.6,36.0,127
Ka'imi Fairbairn,K,HOU,158,165,147.0,175.5,5,17,0.6,0.0,138
Tyjae Spears,RB,TEN,158,138,129.8,256.4,17,17,2.9,37.0,148
Isaiah Likely,TE,NYG,157,159,144.1,208.3,4,17,3.2,73.0,117
Juwan Johnson,TE,NO,157,151,136.2,197.3,2,17,-0.1,45.0,154
Jacory Croskey-Merritt,RB,WAS,156,141,126.0,269.1,17,17,4.2,30.0,113
Tyler Loop,K,BAL,153,150,140.8,179.0,4,17,-1.6,0.0,178
De'Zhaun Stribling,WR,SF,153,144,136.0,276.6,7,17,-3.2,0.0,130
Eddy Pineiro,K,SF,153,145,145.4,174.4,3,17,2.0,0.0,179
Cairo Santos,K,CHI,153,147,143.7,175.8,3,17,-1.1,0.0,229
Dalton Schultz,TE,HOU,152,140,136.7,188.3,-3,17,0.5,57.0,188
Chuba Hubbard,RB,CAR,152,148,127.7,275.1,17,17,-6.0,36.0,89
Evan McPherson,K,CIN,151,139,145.2,177.0,3,17,0.7,0.0,197
Cam Little,K,JAC,151,147,145.2,180.0,4,17,-0.7,0.0,150
Jalen McMillan,WR,TB,151,120,128.6,260.2,3,17,2.6,39.0,183
Kenneth Gainwell,RB,TB,151,158,134.4,262.7,17,17,-2.2,31.0,105
Harrison Mevis,K,LAR,150,158,145.1,175.0,1,17,0.7,0.0,163
Keenan Allen,WR,IND,150,127,131.7,260.5,3,17,-0.8,49.0,192
Jake Bates,K,DET,150,154,146.6,175.0,2,17,4.2,8.0,168
Hunter Henry,TE,NE,150,145,133.3,197.7,-1,17,-3.5,47.0,157
Jason Myers,K,SEA,150,165,147.0,175.5,2,17,1.0,0.0,143
Trey Smack,K,GB,150,145,141.3,175.9,1,17,0.6,0.0,245
Jalen Coker,WR,CAR,150,151,136.1,257.3,3,17,-1.3,18.0,141
Kyle Monangai,RB,CHI,149,142,132.8,264.1,16,17,-3.6,0.0,97
Tre Tucker,WR,LVR,149,133,126.8,240.1,-1,17,-5.0,0.0,176
Rachaad White,RB,WAS,149,139,120.8,259.4,16,17,4.2,39.0,116
Wil Lutz,K,DEN,148,135,144.9,171.6,-1,17,-3.5,0.0,268
Harrison Butker,K,KC,148,144,145.0,170.2,-1,17,0.1,0.0,195
Denzel Boston,WR,CLE,148,138,130.0,261.5,2,17,4.3,42.0,156
Will Reichard,K,MIN,148,142,144.9,174.5,0,17,1.0,0.0,206
T.J. Hockenson,TE,MIN,147,138,132.4,188.4,-5,17,2.0,51.0,165
Andres Borregales,K,NE,146,137,141.8,168.1,-4,17,0.2,0.0,208
Chase McLaughlin,K,TB,145,143,140.2,167.6,-5,17,5.0,0.0,241
Chris Boswell,K,PIT,144,140,141.3,168.7,-5,17,-2.9,0.0,215
Aaron Jones,RB,MIN,143,141,114.2,246.9,14,17,-0.1,65.0,122
Blake Corum,RB,LAR,141,132,129.7,272.0,16,17,6.4,33.0,103
Chigoziem Okonkwo,TE,WAS,141,133,130.9,195.7,-4,17,-3.0,22.0,171
Adonai Mitchell,WR,NYJ,141,114,121.6,257.3,-1,17,-1.0,28.0,220
Dominic Zvada,K,NYG,141,95,134.0,191.8,-1,17,0.2,0.0,375
Kenyon Sadiq,TE,NYJ,140,132,125.8,204.0,-4,17,-1.5,24.0,170
Calvin Ridley,WR,TEN,140,116,111.9,244.8,-4,17,5.0,48.0,226
Noah Brown,WR,UNS,138,16,111.8,289.3,3,16,,0.0,712
Woody Marks,RB,HOU,138,116,124.1,267.5,15,17,2.0,0.0,136
Jerry Jeudy,WR,CLE,136,123,115.7,245.1,-5,17,4.3,32.0,175
Jalen Nailor,WR,LVR,136,120,115.5,241.9,-5,17,-5.0,0.0,172
Zach Charbonnet,RB,SEA,134,140,70.9,212.6,13,10,5.6,37.0,135
Omar Cooper Jr.,WR,NYJ,131,105,112.3,262.6,-4,17,-1.0,38.0,191
Jauan Jennings,WR,MIN,130,112,114.4,250.9,-6,17,4.9,33.0,174
Terrance Ferguson,TE,LAR,129,125,116.4,209.6,-4,17,-2.2,0.0,198
Jaylin Noel,WR,HOU,126,112,108.3,251.9,-7,17,4.4,19.0,244
Dylan Sampson,RB,CLE,126,97,109.8,233.5,11,17,0.6,34.0,169
Kayshon Boutte,WR,HOU,125,91,110.0,250.0,-8,17,4.4,0.0,228
Houston Texans,DEF,HOU,125,110,112.3,139.8,9,17,-4.0,0.0,273
Pat Bryant,WR,DEN,124,92,109.4,258.5,-7,17,-2.5,65.0,216
Denver Broncos,DEF,DEN,122,106,104.7,133.9,7,17,6.2,0.0,439
Seattle Seahawks,DEF,SEA,120,109,102.2,132.2,6,17,-4.2,0.0,145
Keaton Mitchell,RB,LAC,116,91,99.7,255.1,10,17,0.6,33.0,153
Isiah Pacheco,RB,DET,116,102,84.6,237.7,8,17,0.9,36.0,155
Green Bay Packers,DEF,GB,114,92,104.5,136.3,5,17,-2.2,0.0,250
Baltimore Ravens,DEF,BAL,114,102,105.7,134.2,4,17,13.1,0.0,211
New England Patriots,DEF,NE,114,95,99.4,129.2,3,17,0.2,0.0,209
Pittsburgh Steelers,DEF,PIT,112,103,104.4,132.5,4,17,12.2,0.0,201
Minnesota Vikings,DEF,MIN,111,104,103.6,133.7,4,17,-12.4,0.0,173
Alvin Kamara,RB,NO,109,102,76.6,225.7,5,16,1.8,39.0,151
Chris Rodriguez,RB,JAC,107,110,98.4,252.4,9,17,0.9,27.0,137
Los Angeles Rams,DEF,LAR,107,104,100.7,130.4,1,17,-5.0,0.0,144
Jacksonville Jaguars,DEF,JAC,107,95,98.7,127.7,-1,17,-2.7,0.0,181
New York Giants,DEF,NYG,107,91,99.1,131.1,0,17,-7.9,0.0,334
Los Angeles Chargers,DEF,LAC,106,103,99.7,131.6,0,17,0.4,0.0,177
Kansas City Chiefs,DEF,KC,106,85,96.4,122.8,-3,17,2.1,0.0,256
Detroit Lions,DEF,DET,106,103,98.6,133.6,0,17,10.7,0.0,184
Philadelphia Eagles,DEF,PHI,106,97,101.0,137.1,2,17,-14.5,0.0,225
Buffalo Bills,DEF,BUF,106,98,98.5,127.1,-2,17,0.4,0.0,264
Chicago Bears,DEF,CHI,105,99,98.2,130.6,-1,17,-4.8,0.0,260
Tyler Allgeier,RB,ARI,104,87,90.7,212.7,6,17,0.1,23.0,142
Cleveland Browns,DEF,CLE,103,91,95.4,133.4,-2,17,8.0,0.0,329
Tampa Bay Buccaneers,DEF,TB,102,93,96.5,129.0,-4,17,5.5,0.0,275
San Francisco 49ers,DEF,SF,102,84,95.0,125.7,-5,17,1.7,0.0,233
Brian Robinson Jr.,RB,ATL,100,89,85.3,212.7,5,17,-3.2,36.0,159
Indianapolis Colts,DEF,IND,99,91,93.9,128.4,-6,17,10.2,0.0,263
Tyrone Tracy Jr.,RB,NYG,99,96,74.6,231.7,5,17,2.2,34.0,146
Tennessee Titans,DEF,TEN,97,87,93.0,127.9,-7,17,-0.2,0.0,339
New Orleans Saints,DEF,NO,97,94,92.8,128.6,-7,17,13.3,0.0,595
Justice Hill,RB,BAL,96,91,86.1,191.4,3,17,-0.1,32.0,382
Mike Washington Jr.,RB,LVR,96,92,80.4,251.7,7,17,-3.1,21.0,160
MarShawn Lloyd,RB,GB,95,63,76.3,257.4,7,17,-2.2,72.0,161
James Conner,RB,ARI,87,57,72.1,173.8,0,17,0.1,34.0,231
Samaje Perine,RB,CIN,86,77,73.1,146.2,-3,17,-4.0,36.0,421
Jaydon Blue,RB,DAL,85,53,69.9,234.6,4,17,2.9,22.0,217
Jonah Coleman,RB,DEN,84,59,74.7,248.6,5,17,0.1,0.0,152
George Holani,RB,SEA,83,39,66.1,189.3,-2,17,5.6,0.0,420
Ty Johnson,RB,BUF,82,71,69.9,152.2,-3,17,-4.2,29.0,388
Emmett Johnson,RB,KC,82,49,63.6,217.6,2,17,0.6,18.0,202
Isaiah Davis,RB,NYJ,74,50,67.9,173.4,-2,17,-2.5,0.0,524
Najee Harris,RB,NYG,73,46,58.3,222.4,1,17,2.2,39.0,299
Braelon Allen,RB,NYJ,71,78,67.5,213.2,0,17,-2.5,42.0,185
LeQuint Allen,RB,JAC,70,38,64.6,161.5,-3,17,0.9,21.0,472
Sean Tucker,RB,TB,67,43,59.4,192.3,-2,17,-2.2,20.0,242
Kimani Vidal,RB,LAC,66,50,60.5,177.6,-3,17,0.6,0.0,236
Kaytron Allen,RB,WAS,65,33,55.6,206.2,-1,17,4.2,24.0,240
Nicholas Singleton,RB,TEN,65,38,56.5,224.0,0,17,2.9,19.0,227
Brashard Smith,RB,KC,64,27,52.6,141.2,-6,17,0.6,22.0,306
Malik Davis,RB,DAL,61,48,54.9,219.6,-1,17,2.9,0.0,383
Tank Bigsby,RB,PHI,60,73,57.3,210.0,-2,17,4.4,22.0,166
Kaelon Black,RB,SF,59,62,54.1,191.8,-3,17,0.7,0.0,437
Trey Benson,RB,UNS,56,7,39.2,162.2,-6,17,,25.0,331
Christopher Brooks,RB,GB,54,53,48.4,153.3,-7,17,-2.2,0.0,582
Jaylen Wright,RB,MIA,54,46,46.0,175.7,-5,17,0.8,23.0,251
Devin Singletary,RB,NYG,54,30,49.9,168.1,-6,17,2.2,29.0,387
Emanuel Wilson,RB,SEA,54,47,43.4,160.0,-6,17,5.6,0.0,254
Seth McGowan,RB,IND,53,40,43.1,168.1,-6,17,1.7,0.0,475
Kendre Miller,RB,NO,49,24,39.6,173.1,-6,17,1.8,33.0,279
Demond Claiborne,RB,MIN,46,13,39.5,176.7,-6,17,-0.1,0.0,221
Ray Davis,RB,BUF,45,59,33.9,171.8,-7,17,-4.2,24.0,214
Jordan James,RB,SF,44,51,38.4,176.9,-7,17,0.7,0.0,450
