RK,Player,Pos,Team,BYE,PTS,SoS Rank,ADP (Average),P-RK,YPC,Rush,RUSH YDS,RUSH TD,REC,REC YDS,REC TD,YPR,Rec/Tar Game,PASS YDS,PASS TD,INT,CMP%,ATT/ GM,QB YPC,PTS (Stats),YPC (Stats),Rush (Stats),RUSH YDS (Stats),RUSH TD (Stats),REC (Stats),REC YDS (Stats),REC TD (Stats),YPR (Stats),Rec/Tar Game (Stats),PASS YDS (Stats),PASS TD (Stats),INT (Stats),CMP% (Stats),ATT/ GM (Stats),QB YPC (Stats),Auction $,Target Round
1,Jahmyr Gibbs,RB,DET,6,373,1,1,RB1,4.9,264,1306,15,71,577,4,8.1,4.2/5.4,,,,,,,367,5.0,243,1223,13,77,616,5,8.0,4.5/5.5,,,,,,,67,1.10
2,Bijan Robinson,RB,ATL,11,369,12,2,RB2,4.8,291,1386,9,79,735,4,9.3,4.6/5.9,,,,,,,371,5.1,287,1478,7,79,820,4,10.4,4.6/6.1,,,,,,,65,1.20
3,Puka Nacua,WR,LAR,11,349,25,3.9,WR1,6.9,14,94,1,119,1551,10,13.0,7.0/9.8,,,,,,,375,10.5,10,105,1,129,1715,10,13.3,8.1/10.4,,,,,,,64,1.30
4,Ja'Marr Chase,WR,CIN,6,317,8,3.1,WR2,5.1,3,17,,114,1409,10,12.4,6.7/9.9,,,,,,,314,4.7,3,14,,125,1412,8,11.3,7.8/11.6,,,,,,,62,1.40
5,Christian McCaffrey,RB,SF,8,370,15,5.8,RB3,4.0,285,1151,11,80,726,6,9.1,4.7/6.2,,,,,,,417,3.9,311,1202,10,102,924,7,9.1,6.0/7.6,,,,,0.1,,62,1.50
6,Jaxon Smith-Njigba,WR,SEA,11,334,13,5.6,WR3,5.2,5,27,,114,1626,9,14.2,6.7/9.6,,,,,,,360,5.1,7,36,,119,1793,10,15.1,7.0/9.6,,,,,,,59,1.60
7,CeeDee Lamb,WR,DAL,14,296,10,11,WR4,6.0,3,20,,105,1406,8,13.4,6.2/9.4,,,,,,,201,2.0,1,2,,75,1077,3,14.4,5.4/8.4,,,,,,,59,1.70
8,Amon-Ra St. Brown,WR,DET,6,314,14,7.3,WR5,5.7,2,10,,116,1373,10,11.8,6.8/9.9,,,,,,,324,3.0,3,9,,117,1401,11,12.0,6.9/10.1,,,,,,,55,1.80
9,Jonathan Taylor,RB,IND,13,333,13,7.6,RB4,4.7,329,1539,14,47,359,2,7.6,2.8/3.5,,,,,,,362,4.9,323,1585,18,46,378,2,8.2,2.7/3.2,,,,,,,55,1.90
10,Justin Jefferson,WR,MIN,6,303,2,11.6,WR6,4.2,2,7,,111,1430,8,12.9,6.5/9.9,,,,,,,202,3.5,2,7,,84,1048,2,12.5,4.9/8.3,,,,,,,53,2.00
11,James Cook III,RB,BUF,7,301,30,10.6,RB5,4.7,304,1441,12,39,334,2,8.6,2.3/3.1,,,,,,,302,5.2,309,1621,12,33,291,2,8.8,1.9/2.4,,,,,,,52,2.10
12,Saquon Barkley,RB,PHI,10,268,4,14.1,RB6,4.3,292,1241,10,39,328,2,8.4,2.3/3.1,,,,,,,232,4.1,280,1140,7,37,273,2,7.4,2.3/3.1,,,,,,,51,2.20
13,Kenneth Walker III,RB,KC,5,288,22,17.5,RB7,4.4,285,1263,10,51,391,2,7.7,3.0/3.8,,,,,,,192,4.6,221,1027,5,31,282,,9.1,1.8/2.1,,,,,,,51,2.30
14,Drake London,WR,ATL,11,254,15,19,WR7,,,,,94,1181,7,12.6,5.5/9.2,,,,,,,202,,,,,68,919,7,13.5,5.7/9.3,,,,,,,48,2.40
15,De'Von Achane,RB,MIA,6,302,20,15.3,RB8,4.9,263,1286,6,68,518,3,7.6,4.0/5.1,,,,,,,323,5.7,238,1350,8,67,488,4,7.3,4.2/5.3,,,,,,,46,2.50
16,Ashton Jeanty,RB,LV,13,301,32,10.8,RB9,4.1,278,1147,8,69,517,3,7.5,4.1/5.5,,,,,,,245,3.7,266,975,5,55,346,5,6.3,3.2/4.3,,,,,,,44,2.60
17,Chase Brown,RB,CIN,6,284,27,15.5,RB10,4.4,237,1045,7,67,462,4,6.9,3.9/5.0,,,,,,,283,4.4,232,1019,6,69,437,5,6.3,4.1/5.2,,,,,,,43,2.70
18,Derrick Henry,RB,BAL,13,287,19,19,RB11,4.9,311,1536,14,22,216,1,9.8,1.3/1.8,,,,,,,280,5.2,307,1595,16,15,150,,10.0,0.9/1.2,,,,,0.1,,41,2.80
19,Omarion Hampton,RB,LAC,7,276,28,15.8,RB12,4.3,266,1149,11,49,340,2,6.9,2.9/3.5,,,,,,,136,4.4,124,545,4,32,192,1,6.0,3.6/3.9,,,,,,,41,2.90
20,Brock Bowers,TE,LV,13,256,18,19.3,TE1,4.0,6,24,,100,1052,8,10.5,5.9/8.3,,,,,,,176,1.0,2,2,,64,680,7,10.6,5.3/7.2,,,,,,,40,3.00
21,George Pickens,WR,DAL,14,256,10,23.9,WR8,,,,,82,1203,9,14.7,4.8/7.5,,,,,,,292,,,,,93,1429,9,15.4,5.5/8.1,,,,,,,38,3.10
22,Nico Collins,WR,HOU,8,245,3,23,WR9,6.5,2,11,,83,1192,7,14.4,4.9/7.9,,,,,,,226,7.5,2,15,1,71,1117,6,15.7,4.7/8.0,,,,,,,38,3.20
23,Chris Olave,WR,NO,8,234,6,28.9,WR10,,,,,84,1078,7,12.8,4.9/7.9,,,,,,,268,-3.0,1,-3,,100,1163,9,11.6,6.3/9.8,,,1,,0.1,,36,3.30
24,A.J. Brown,WR,NE,11,238,28,20.6,WR11,,,,,77,1131,8,14.7,4.5/7.1,,,,,,,220,,,,,78,1003,7,12.9,5.2/8.1,,,,,,,35,3.40
25,Malik Nabers,WR,NYG,8,225,9,28.1,WR12,,,,,79,1041,7,13.2,4.9/8.2,,,,,,,57,,,,,18,271,2,15.1,4.5/8.8,,,,,,,35,3.50
26,Kyren Williams,RB,LAR,11,240,8,31.6,RB13,4.6,248,1133,11,29,201,2,6.9,1.7/2.4,,,,,,,263,4.8,259,1252,10,36,281,3,7.8,2.1/2.9,,,,,,,34,3.60
27,Jeremiyah Love,RB,ARI,14,262,25,26.5,RB14,4.4,236,1038,7,59,450,2,7.6,3.5/4.8,,,,,,,,,,,,,,,,,,,,,,,33,3.70
28,Josh Allen,QB,BUF,7,388,20,28.3,QB1,5.1,114,586,13,,,,,,4078,27,10,67%,30.4,11.6,365,5.2,112,579,14,,,,,,3668,25,10,69%,27.1,11.5,32,3.80
29,Trey McBride,TE,ARI,14,250,19,23.5,TE2,,,,,109,1053,6,9.7,6.4/8.9,,,,,,,316,,,,,126,1239,11,9.8,7.4/9.9,,,,,,,31,3.90
30,Javonte Williams,RB,DAL,14,249,5,35,RB15,4.4,279,1216,10,35,205,2,5.9,2.1/2.8,,,,,,,243,4.8,252,1201,11,35,137,2,3.9,2.2/3.2,,,,,,,30,4.00
31,Devonta Smith,WR,PHI,10,244,1,30.1,WR13,,,,,86,1099,8,12.8,5.1/7.6,,,,,,,202,,,,,77,1008,4,13.1,4.5/6.6,,,,,,,30,4.10
32,Tee Higgins,WR,CIN,6,235,8,37.9,WR14,,,,,79,1017,9,12.9,4.6/7.6,,,,,,,212,,,,,59,846,11,14.3,3.9/6.5,,,,,,,30,4.20
33,Breece Hall,RB,NYJ,13,260,23,31.6,RB16,4.4,262,1146,6,53,447,2,8.4,3.1/4.0,,,,,,,208,4.4,243,1065,4,36,350,1,9.7,2.3/3.0,4,1,,100%,0.1,4.0,30,4.30
34,Zay Flowers,WR,BAL,13,259,19,33.5,WR15,6.1,10,62,1,85,1197,7,14.1,5.0/7.4,,,,,,,243,6.2,10,62,1,86,1211,5,14.1,5.1/6.9,,,,,,,29,4.40
35,Travis Etienne Jr.,RB,NO,8,243,3,41.8,RB17,4.3,249,1063,7,47,361,2,7.7,2.8/3.7,,,,,,,254,4.3,260,1107,7,36,292,6,8.1,2.1/3.1,,,,,,,28,4.50
36,Josh Jacobs,RB,GB,11,262,17,36.1,RB18,4.1,266,1085,13,39,309,1,7.9,2.3/2.9,,,,,,,237,4.0,234,929,13,36,282,1,7.8,2.4/2.9,,,,,,,28,4.60
37,Rashee Rice,WR,KC,5,271,30,25.1,WR16,4.7,7,32,,102,1179,8,11.6,6.0/8.8,,,,,,,150,4.0,5,20,1,53,571,5,10.8,6.6/9.8,,,,,,,28,4.70
38,Ladd McConkey,WR,LAC,7,219,31,42.1,WR17,,,,,78,987,7,12.7,4.6/7.1,,,,,,,181,,,,,66,789,6,12.0,4.1/6.6,,,,,,,27,4.80
39,Garrett Wilson,WR,NYJ,13,238,23,38.9,WR18,5.2,2,9,,95,1064,6,11.2,5.6/8.7,,,,,,,100,,,,,36,395,4,11.0,5.1/8.4,,,,,,,27,4.90
40,Emeka Egbuka,WR,TB,10,199,11,34.9,WR19,5.7,2,10,,62,943,7,15.3,3.6/6.4,,,,,,,196,4.5,2,9,,63,938,6,14.9,3.7/7.5,,,,,,,26,5.00
41,Davante Adams,WR,LAR,11,215,25,50.4,WR20,,,,,67,884,10,13.2,3.9/7.1,,,,,,,223,,,,,60,789,14,13.2,4.3/8.1,,,,,,,26,5.10
42,Cam Skattebo,RB,NYG,8,249,9,41.6,RB19,4.2,254,1055,9,44,332,2,7.6,2.6/3.4,,,,,,,128,4.1,101,410,5,24,207,2,8.6,3.0/4.0,,,,,,,25,5.20
43,Jaylen Waddle,WR,DEN,10,227,29,42.9,WR21,5.4,3,18,,79,1038,7,13.1,4.6/7.6,,,,,,,194,14.0,2,28,,64,910,6,14.2,4.0/6.3,8,,,100%,0.1,8.0,24,5.30
44,Colston Loveland,TE,CHI,10,208,30,39.6,TE3,,,,,81,914,6,11.3,4.8/7.3,,,,,,,165,-2.0,1,-2,,58,713,6,12.3,3.6/5.1,,,,,,,24,5.40
45,Luther Burden III,WR,CHI,10,227,27,48.5,WR22,5.5,7,37,,79,1021,7,12.9,4.6/7.5,,,,,,,128,6.2,6,37,,47,652,2,13.9,3.1/4.0,,,,,,,24,5.50
46,Terry Mclaurin,WR,WAS,7,210,16,48.3,WR23,,,,,74,995,6,13.5,4.4/6.6,,,,,,,114,,,,,38,582,3,15.3,3.8/6.0,,,,,,,24,5.60
47,Jameson Williams,WR,DET,6,218,14,54.8,WR24,6.0,7,41,1,63,1029,7,16.3,3.7/6.2,,,,,,,220,2.0,6,12,,65,1117,7,17.2,3.8/6.0,,,,,,,24,5.70
48,Tetairoa McMillan,WR,CAR,5,233,20,39.8,WR25,,,,,79,1123,7,14.2,4.6/7.8,,,,,,,211,,,,,70,1014,7,14.5,4.1/7.2,,,,,,,23,5.80
49,Mike Evans,WR,SF,8,184,26,59.4,WR26,,,,,55,866,7,15.7,3.2/5.8,,,,,,,85,,,,,30,368,3,12.3,3.8/7.6,,,,,,,23,5.90
50,D'Andre Swift,RB,CHI,10,219,26,49.5,RB20,4.6,229,1045,8,32,287,1,9.1,1.9/2.6,,,,,,,229,4.9,223,1087,9,34,299,1,8.8,2.1/3.0,,,,,,,22,6.00
51,Lamar Jackson,QB,BAL,13,333,16,50.5,QB2,5.5,119,661,3,,,,,,3922,28,10,66%,28.4,12.3,215,5.2,67,349,2,,,,,,2549,21,7,64%,23.2,13.3,22,6.10
52,Jayden Daniels,QB,WAS,7,333,10,64.5,QB3,5.1,128,648,5,,,,,,4003,25,11,67%,30.9,11.1,114,4.8,58,278,2,,,,,,1262,8,3,61%,26.9,11.1,21,6.20
53,Bhayshul Tuten,RB,JAX,7,210,16,54.5,RB21,4.2,231,961,7,34,254,2,7.5,2.0/2.9,,,,,,,89,3.7,83,307,5,10,79,2,7.9,0.7/0.9,,,,,,,21,6.30
54,DJ Moore,WR,BUF,7,196,21,54.8,WR27,5.2,5,27,,66,915,6,13.9,3.9/6.2,,,,,,,170,5.3,15,79,1,50,682,6,13.6,2.9/5.0,2,1,,100%,0.1,2.0,21,6.40
55,Jadarian Price,RB,SEA,11,212,6,63.5,RB22,4.2,216,907,9,31,241,2,7.8,1.8/2.5,,,,,,,,,,,,,,,,,,,,,,,20,6.50
56,Bucky Irving,RB,TB,10,214,18,54.3,RB23,4.1,241,986,6,37,299,2,8.1,2.2/2.7,,,,,,,139,3.4,173,588,1,30,277,3,9.2,3.0/3.5,,,,,,,20,6.60
57,David Montgomery,RB,HOU,8,206,11,51.9,RB24,4.3,224,959,9,29,215,1,7.4,1.7/2.2,,,,,,,167,4.5,158,716,8,24,192,,8.0,1.4/1.7,3,1,,50%,0.1,3.0,20,6.70
58,Parker Washington,WR,JAX,7,199,4,70.1,WR28,5.6,10,57,,69,947,5,13.7,4.1/6.8,,,,,,,173,,7,,,58,847,5,14.6,3.6/5.9,,,,,,,19,6.80
59,Jordyn Tyson,WR,NO,8,183,6,76.5,WR29,,,,,66,871,5,13.2,3.9/6.5,,,,,,,,,,,,,,,,,,,,,,,19,6.90
60,Quinshon Judkins,RB,CLE,11,234,7,51.1,RB25,4.0,302,1214,8,35,237,1,6.8,2.0/2.8,,,,,,,170,3.6,230,827,7,26,171,,6.6,1.9/2.6,,,,,,,18,7.00
61,Drake Maye,QB,NE,11,332,22,59.1,QB4,5.0,102,511,4,,,,,,4223,28,12,68%,31.1,11.7,352,4.4,103,450,4,1,2,,2.0,0.1/0.1,4394,31,8,72%,28.9,12.4,18,7.10
62,Joe Burrow,QB,CIN,6,312,12,60.4,QB5,3.6,45,161,1,,,,,,4305,35,11,68%,35.1,10.6,135,2.9,14,41,,,,,,,1809,17,5,67%,32.4,10.5,17,7.20
63,Rhamondre Stevenson,RB,NE,11,210,24,78.8,RB26,4.4,191,844,8,37,282,2,7.6,2.2/2.7,,,,,,,179,4.6,130,603,7,32,345,2,10.8,2.3/2.6,,,,,,,16,7.30
64,Jalen Hurts,QB,PHI,10,343,1,70.3,QB6,4.1,133,539,10,,,,,,3677,25,9,65%,28.9,11.3,299,4.0,105,421,8,,,,,,3224,25,6,65%,28.4,11.0,16,7.40
65,Christian Watson,WR,GB,11,190,12,61.5,WR30,5.9,3,20,,56,901,7,16.1,3.3/5.9,,,,,,,132,3.0,1,3,,35,611,6,17.5,3.5/5.5,,,,,,,15,7.50
66,TreVeyon Henderson,RB,NE,11,196,24,56.3,RB27,4.5,173,772,7,38,269,2,7.1,2.2/2.8,,,,,,,206,5.1,180,911,9,35,221,1,6.3,2.1/2.5,,,,,,,15,7.60
67,Carnell Tate,WR,TEN,9,176,7,65,WR31,,,,,61,849,5,13.9,3.6/6.1,,,,,,,,,,,,,,,,,,,,,,,14,7.70
68,Marvin Harrison Jr.,WR,ARI,14,207,18,69.8,WR32,,,,,71,1003,6,14.1,4.2/7.5,,,,,,,128,,,,,41,608,4,14.8,3.4/6.1,,,,,,,14,7.80
69,Tyler Warren,TE,IND,13,219,13,51.1,TE4,2.3,9,20,1,89,921,5,10.3,5.2/7.2,,,,,,,189,1.3,6,8,1,76,817,4,10.8,4.5/6.6,,,,,0.1,,14,7.90
70,Tony Pollard,RB,TEN,9,198,14,75.6,RB28,4.4,245,1078,6,30,183,1,6.2,1.7/2.3,,,,,,,186,4.5,242,1082,5,33,206,,6.2,1.9/2.4,,,,,,,14,8.00
71,Rome Odunze,WR,CHI,10,215,27,59.9,WR33,,,,,67,1063,7,15.9,3.9/8.0,,,,,,,146,,,,,44,661,6,15.0,3.7/7.5,,,,,,,14,8.10
72,Tucker Kraft,TE,GB,11,202,29,75.4,TE5,,,,,72,882,7,12.3,4.2/5.6,,,,,,,117,3.0,1,3,,32,489,6,15.3,4.0/5.5,,,,,,,14,8.20
73,Brian Thomas Jr.,WR,JAX,7,177,4,73,WR34,6.3,3,21,,58,864,5,14.9,3.4/6.2,,,,,,,139,7.0,3,21,1,48,707,2,14.7,3.4/6.5,,,,,,,13,8.30
74,Justin Herbert,QB,LAC,7,321,23,84.1,QB7,4.8,81,386,3,,,,,,4111,30,10,66%,32.8,11.1,287,6.0,83,498,2,,,,,,3727,26,13,66%,32.0,11.0,13,8.40
75,Rico Dowdle,RB,PIT,9,195,21,86.9,RB29,4.3,228,992,6,31,228,1,7.3,1.8/2.5,,,,,,,216,4.6,236,1076,6,39,297,1,7.6,2.3/2.9,,,,,,,12,8.50
76,DK Metcalf,WR,PIT,9,189,24,77.1,WR35,,,,,63,896,6,14.2,3.7/6.4,,,,,,,187,6.0,2,12,1,59,850,6,14.4,3.9/6.6,,,,,,,11,8.60
77,Caleb Williams,QB,CHI,10,316,30,75.8,QB8,5.5,74,401,3,,,,,,4197,27,9,61%,33.8,12.0,318,5.0,77,383,3,2,22,1,11.0,0.1/0.1,3942,27,7,58%,33.4,11.9,11,8.70
78,Jaylen Warren,RB,PIT,9,191,21,73,RB30,4.4,189,821,4,41,315,2,7.7,2.4/3.1,,,,,,,217,4.5,211,958,6,40,333,2,8.3,2.5/2.8,,,,,,,10,8.80
79,Jayden Reed,WR,GB,11,190,12,104.8,WR36,7.6,10,78,,70,825,5,11.8,4.1/5.8,,,,,,,49,9.3,3,28,,19,207,1,10.9,2.7/3.1,,,,,,,10,8.90
80,Trevor Lawrence,QB,JAX,7,324,3,87.3,QB9,4.5,78,353,6,,,,,,4166,27,11,62%,33.8,11.5,338,4.4,82,359,9,,,,,,4007,29,12,61%,32.9,11.8,10,9.00
81,Sam Laporta,TE,DET,6,185,26,76.4,TE6,,,,,74,810,5,10.9,4.4/6.0,,,,,,,107,,,,,40,489,3,12.2,4.4/5.4,,,,,,,10,9.10
82,Jordan Addison,WR,MIN,6,193,2,105.4,WR37,6.2,2,11,,66,901,6,13.7,3.9/6.5,,,,,,,135,40.5,2,81,1,42,610,3,14.5,3.0/5.6,,,,,,,10,9.20
83,Dak Prescott,QB,DAL,14,319,5,80.6,QB10,3.9,52,202,2,,,,,,4470,32,10,67%,34.4,11.3,314,3.3,53,177,2,,,,,,4552,30,10,67%,35.3,11.3,9,9.30
84,Courtland Sutton,WR,DEN,10,194,29,82.1,WR38,,,,,65,872,7,13.4,3.8/6.9,,,,,,,220,,,,,74,1017,7,13.7,4.4/7.3,,,,,,,9,9.40
85,J.K. Dobbins,RB,DEN,10,193,29,97.4,RB31,4.6,223,1022,9,19,116,1,6.0,1.1/1.5,,,,,,,116,5.0,153,772,4,11,37,,3.4,1.1/1.4,,,,,,,8,9.50
86,Brock Purdy,QB,SF,8,323,24,100.8,QB11,4.4,66,289,3,,,,,,4390,31,12,67%,32.5,11.8,177,4.5,33,147,3,,,,,,2167,20,10,69%,31.6,11.0,8,9.60
87,Josh Downs,WR,IND,13,210,17,96.1,WR39,6.0,2,10,,85,877,6,10.3,5.0/7.4,,,,,,,136,-1.0,2,-2,,58,566,4,9.8,3.6/5.5,,,,,,,8,9.70
88,Jaxson Dart,QB,NYG,8,314,9,94.8,QB12,5.6,105,584,6,,,,,,3749,23,11,65%,30.4,11.2,242,5.7,86,487,9,,,,,,2272,15,5,64%,24.2,10.5,8,9.80
89,Blake Corum,RB,LAR,11,161,8,100.8,RB32,4.6,171,782,8,17,119,1,7.0,1.0/1.5,,,,,,,122,5.1,145,746,6,8,36,,4.5,0.5/0.8,,,,,,,7,9.90
90,Chuba Hubbard,RB,CAR,5,215,31,87.1,RB33,4.1,228,931,6,43,310,2,7.2,2.5/3.4,,,,,,,125,3.8,134,511,1,30,223,3,7.4,2.0/2.6,,,,,,,7,10.00
91,Alec Pierce,WR,IND,13,188,17,83.4,WR40,,,,,59,930,6,15.9,3.4/5.9,,,,,,,183,,,,,47,1003,6,21.3,3.1/5.6,,,,,,,7,10.10
92,Michael Wilson,WR,ARI,14,168,18,95.4,WR41,,,,,62,760,5,12.3,3.6/6.1,,,,,,,221,,,,,78,1006,7,12.9,4.6/7.4,,,,,,,7,10.20
93,Michael Pittman Jr.,WR,PIT,9,188,24,94.3,WR42,,,,,78,795,5,10.2,4.6/7.2,,,,,,,202,,,,,80,784,7,9.8,4.7/6.5,,,,,,,7,10.30
94,Patrick Mahomes II,QB,KC,5,290,27,104.8,QB13,5.1,51,260,3,,,,,,4088,26,11,65%,32.8,11.1,286,6.6,64,422,5,1,-10,,-10.0,0.1/0.1,3587,22,11,63%,35.9,11.4,7,10.40
95,RJ Harvey,RB,DEN,10,170,29,88.3,RB34,4.1,115,473,4,46,342,3,7.4,2.7/3.5,,,,,,,207,3.7,146,540,7,47,356,5,7.6,2.8/3.4,,,,,0.1,,6,10.50
96,Matthew Stafford,QB,LAR,11,313,17,100.4,QB14,1.3,28,35,,,,,,,4379,38,9,65%,33.6,11.8,350,,29,1,,,,,,,4707,46,8,65%,35.1,12.1,6,10.60
97,Xavier Worthy,WR,KC,5,192,30,119.9,WR43,6.8,17,116,1,61,835,5,13.7,3.6/6.1,,,,,,,110,7.9,11,87,,42,532,1,12.7,3.0/5.2,,,,,,,6,10.70
98,Kyle Pitts Sr.,TE,ATL,11,174,5,78.8,TE7,,,,,74,764,4,10.3,4.4/6.5,,,,,,,211,,,,,88,928,5,10.5,5.2/6.9,,,,,,,6,10.80
99,Chris Godwin Jr.,WR,TB,10,178,11,95.4,WR44,,,,,66,761,6,11.5,3.9/5.9,,,,,,,83,,,,,33,360,2,10.9,3.7/5.7,,,,,,,6,10.90
100,Bo Nix,QB,DEN,10,310,29,109.4,QB15,4.4,81,354,4,,,,,,4010,28,11,64%,33.6,10.8,305,4.3,83,356,5,,,,,—/0.1,3931,25,11,63%,36.0,10.1,6,11.00
101,Kyle Monangai,RB,CHI,10,174,26,104.8,RB35,4.4,188,819,6,27,229,1,8.4,1.6/2.4,,,,,,,147,4.6,169,783,5,18,164,,9.1,1.1/1.8,,,,,,,6,11.10
102,Quentin Johnston,WR,LAC,7,175,31,89.8,WR45,4.5,2,8,,57,809,6,14.2,3.4/5.7,,,,,,,171,3.5,2,7,,51,735,8,14.4,3.6/6.1,,,,,,,6,11.20
103,Jared Goff,QB,DET,6,304,18,114.5,QB16,1.7,25,43,1,,,,,,4595,33,11,68%,34.5,11.5,297,2.4,19,45,,,,,,,4564,34,8,68%,34.0,11.6,6,11.30
104,Jakobi Meyers,WR,JAX,7,182,4,110.3,WR46,5.7,5,29,,70,786,5,11.2,4.1/6.5,,,,,,,176,2.6,5,13,,75,835,3,11.1,4.7/6.9,,,,,,,6,11.40
105,Baker Mayfield,QB,TB,10,292,28,128.5,QB17,5.9,56,328,2,,,,,,3937,28,11,64%,31.0,11.2,272,6.9,55,382,1,,,,,,3693,26,11,63%,31.9,10.8,6,11.50
106,Stefon Diggs,WR,WAS,7,185,16,118.1,WR47,,,,,72,828,5,11.5,4.2/6.0,,,,,,,210,,,,,85,1013,4,11.9,5.0/6.0,,,,,,,6,11.60
107,Kyler Murray,QB,MIN,6,278,7,126.8,QB18,6.1,78,474,3,,,,,,3614,22,10,68%,29.6,10.6,78,6.0,29,173,1,,,,,,962,6,3,68%,32.2,8.7,6,11.70
108,Jordan Love,QB,GB,11,284,19,133.9,QB19,4.1,49,199,1,,,,,,4249,27,10,65%,31.8,11.8,235,4.2,47,199,,,,,,,3381,23,6,66%,29.3,11.6,6,11.80
109,Kenneth Gainwell,RB,TB,10,187,18,98.6,RB36,4.5,116,522,4,55,381,3,6.9,3.2/4.1,,,,,,,221,4.7,114,537,5,73,486,3,6.7,4.3/5.0,,,,,,,6,11.90
110,Harold Fannin Jr.,TE,CLE,11,198,2,80.6,TE8,2.8,7,19,,87,855,4,9.8,5.1/7.5,,,,,,,186,1.9,7,13,1,72,731,6,10.2,4.5/6.7,,,,,,,6,12.00
111,Mark Andrews,TE,BAL,13,199,3,124.4,TE9,3.4,9,28,1,66,703,9,10.7,3.9/5.4,,,,,,,131,4.8,10,48,1,48,422,5,8.8,2.8/4.1,,,,,,,6,12.10
112,Wan'dale Robinson,WR,TEN,9,159,7,102.6,WR48,5.4,7,37,,68,692,3,10.2,4.0/6.1,,,,,,,218,1.7,3,5,,92,1014,4,11.0,5.8/8.8,,,,,,,6,12.20
113,Matthew Golden,WR,GB,11,161,12,114.5,WR49,6.6,7,45,,58,747,4,12.9,3.4/5.8,,,,,,,70,4.9,10,49,,29,361,,12.4,2.1/3.1,,,,,,,6,12.30
114,George Kittle,TE,SF,8,170,27,100,TE10,,,,,67,732,5,10.9,4.2/5.6,,,,,,,162,-3.0,1,-3,,57,628,7,11.0,5.2/6.3,,,,,,,6,12.40
115,Jordan Mason,RB,MIN,6,140,10,113.6,RB37,4.5,174,780,6,16,100,,6.2,0.9/1.3,,,,,,,129,4.8,159,758,6,14,51,,3.6,0.9/1.0,,,,,,,6,12.50
116,Jacory Croskey-Merritt,RB,WAS,7,140,2,113.9,RB38,4.3,182,788,6,15,106,,7.1,0.9/1.1,,,,,,,140,4.6,175,805,8,9,68,,7.6,0.5/0.8,,,,,,,6,12.60
117,Dalton Kincaid,TE,BUF,7,175,24,120,TE11,,,,,66,791,5,12.0,3.9/5.4,,,,,,,126,,,,,39,571,5,14.6,3.3/4.1,,,,,,,6,12.70
118,Makai Lemon,WR,PHI,10,133,1,99.8,WR50,4.2,5,21,,47,602,4,12.8,2.8/4.6,,,,,,,,,,,,,,,,,,,,,,,6,12.80
119,KC Concepcion,WR,CLE,11,167,5,127.5,WR51,5.5,5,28,,65,812,3,12.5,3.8/6.3,,,,,,,,,,,,,,,,,,,,,,,6,12.90
120,Tyler Shough,QB,NO,8,293,11,134.6,QB20,4.3,72,312,4,,,,,,4033,24,10,67%,33.4,10.7,158,4.1,45,186,3,,,,,,2384,10,6,68%,29.7,10.8,5,13.00
121,Jonathon Brooks,RB,CAR,5,149,31,90.9,RB39,4.2,147,612,4,33,250,1,7.6,1.9/2.6,,,,,,,,2.4,9,,,3,,,7.7,1.0/1.0,,,,,,,5,13.10
122,Travis Kelce,TE,KC,5,194,14,108.3,TE12,,,,,77,808,6,10.5,4.5/6.5,,,,,,,193,1.0,1,1,,76,851,5,11.2,4.5/6.4,,,,,,,5,13.20
123,Chris Rodriguez Jr.,RB,JAX,7,98,16,137.5,RB40,4.4,109,481,6,4,31,1,7.2,0.3/0.4,,,,,,,92,4.5,112,500,6,3,30,,10.0,0.2/0.3,,,,,,,5,13.30
124,Malik Willis,QB,MIA,6,284,26,147,QB21,5.3,115,614,4,,,,,,3712,18,11,65%,30.8,10.8,51,5.6,22,123,2,,,,,,422,3,,86%,8.8,14.1,5,13.40
125,Rachaad White,RB,WAS,7,175,2,105.1,RB41,4.2,144,608,4,47,308,2,6.6,2.8/3.3,,,,,,,143,4.3,132,572,4,40,218,,5.4,2.4/2.6,,,,,,,5,13.50
126,Dallas Goedert,TE,PHI,10,172,1,110.9,TE13,,,,,67,691,6,10.3,3.9/5.4,,,,,,,185,,,,,60,591,11,9.8,4.0/5.5,,,,,,,5,13.60
127,Jalen Coker,WR,CAR,5,217,20,134.1,WR52,,,,,83,980,6,11.8,4.9/7.4,,,,,,,90,,,,,33,394,3,11.9,3.0/3.9,,,,,,,5,13.70
128,Jake Ferguson,TE,DAL,14,170,10,120.3,TE14,,,,,73,609,6,8.3,4.3/5.8,,,,,,,188,1.0,1,1,,82,600,8,7.3,4.8/6.0,,,,,,,5,13.80
129,Khalil Shakir,WR,BUF,7,173,21,132.6,WR53,6.0,2,10,,71,765,4,10.8,4.2/5.6,,,,,,,166,5.0,1,5,,72,719,4,10.0,4.5/5.9,,,,,,,5,13.90
130,Aaron Jones Sr.,RB,MIN,6,191,10,120.1,RB42,4.3,157,674,5,47,347,2,7.4,2.8/3.8,,,,,,,119,4.2,132,548,2,28,199,1,7.1,2.3/3.4,,,,,,,5,14.00
131,Keaton Mitchell,RB,LAC,7,113,28,137.7,RB43,4.7,71,331,3,27,224,2,8.3,1.6/2.2,,,,,,,55,5.8,59,341,1,9,63,,7.0,0.7/0.9,,,,,,,5,14.10
132,Romeo Doubs,WR,NE,11,157,28,127.3,WR54,,,,,55,717,5,13.0,3.2/5.0,,,,,,,165,,,,,55,724,6,13.2,3.4/5.3,,,,,,,4,14.20
133,Jayden Higgins,WR,HOU,8,145,3,129.6,WR55,,,,,54,671,4,12.4,3.2/5.5,,,,,,,130,,,,,41,525,6,12.8,2.4/4.0,,,,,,,4,14.30
134,Sam Darnold,QB,SEA,11,273,13,174.5,QB22,3.0,41,125,1,,,,,,4212,27,11,67%,31.6,11.8,235,2.7,35,95,,,,,,,4048,25,14,68%,28.1,12.5,4,14.40
135,C.J. Stroud,QB,HOU,8,270,6,166.9,QB23,4.4,56,247,1,,,,,,4026,25,11,64%,32.1,11.3,209,4.4,48,209,1,,,,,,3041,19,8,65%,30.2,11.1,4,14.50
136,Deebo Samuel Sr.,WR,SF,8,173,26,132.8,WR56,4.4,24,106,1,57,694,5,12.2,3.4/5.0,,,,,,,188,4.4,17,75,1,72,727,5,10.1,4.5/6.2,,,,,,,4,14.60
137,Isaiah Likely,TE,NYG,8,180,6,114.3,TE15,,,,,71,794,5,11.2,4.2/5.5,,,,,,,62,,,,,27,307,1,11.4,1.9/2.6,,,,,,,4,14.70
138,Tyrone Tracy Jr.,RB,NYG,8,101,9,137.3,RB44,4.2,99,420,2,23,176,1,7.7,1.4/1.8,,,,,,,161,4.2,176,740,2,36,288,2,8.0,2.4/3.2,,,,,,,4,14.80
139,Jalen McMillan,WR,TB,10,154,11,158,WR57,5.8,5,30,,53,680,5,12.9,3.1/4.8,,,,,,,30,1.0,1,1,,12,178,,14.8,3.0/3.8,,,,,,,4,14.90
140,Rashid Shaheed,WR,SEA,11,153,13,141,WR58,6.6,12,79,1,53,623,4,11.8,3.1/5.1,,,,,,,145,7.7,9,69,,59,687,2,11.6,3.3/5.1,,,,,,,4,15.00
141,De'Zhaun Stribling,WR,SF,8,100,26,160.9,WR59,,,,,34,477,3,14.0,2.0/3.3,,,,,,,,,,,,,,,,,,,,,,,4,15.10
142,Daniel Jones,QB,IND,13,279,8,159.1,QB24,4.1,64,263,4,,,,,,3962,23,11,67%,31.5,11.0,226,3.6,45,164,5,,,,,,3101,19,8,68%,29.5,11.9,4,15.20
143,Isiah Pacheco,RB,DET,6,96,1,152,RB45,4.2,111,470,4,15,98,,6.6,0.9/1.2,,,,,,,87,3.9,118,462,1,19,101,1,5.3,1.5/2.0,,,,,,,4,15.30
144,Jauan Jennings,WR,MIN,6,142,2,170.4,WR60,,,,,56,619,4,11.1,3.3/5.2,,,,,,,173,,,,,55,643,9,11.7,3.7/6.0,,,,,,,3,15.40
145,Omar Cooper Jr.,WR,NYJ,13,130,23,162.4,WR61,5.8,2,10,,48,628,3,13.1,2.8/4.4,,,,,,,,,,,,,,,,,,,,,,,3,15.50
146,Hunter Henry,TE,NE,11,149,21,159.1,TE16,,,,,57,616,5,10.8,3.4/4.8,,,,,,,179,,,,,60,768,7,12.8,3.5/5.1,,,,,,,3,15.60
147,Brenton Strange,TE,JAX,7,141,7,151.1,TE17,,,,,57,603,4,10.6,3.4/4.9,,,,,,,118,,,,,46,540,3,11.7,3.8/5.0,,,,,,,3,15.70
148,Woody Marks,RB,HOU,8,128,11,141.3,RB46,4.1,136,551,3,23,196,2,8.5,1.4/2.0,,,,,,,151,3.6,196,703,3,24,208,3,8.7,1.5/2.3,,,,,,,3,15.80
149,Brandon Aubrey,K,DAL,14,184,,138,K1,,,,,,,,,,,,,,,,,,,,,,,,,,,,,,,,3,15.90
150,Denzel Boston,WR,CLE,11,131,5,157.1,WR62,,,,,51,622,3,12.1,3.0/5.1,,,,,,,,,,,,,,,,,,,,,,,3,16.00
151,Juwan Johnson,TE,NO,8,160,16,151.1,TE18,,,,,66,703,4,10.7,3.9/5.4,,,,,,,180,,,,,77,889,3,11.5,4.5/6.0,,,,,,,3,16.10
152,Tank Bigsby,RB,PHI,10,89,4,161.5,RB47,4.6,93,423,4,13,99,,7.6,0.8/1.1,,,,,,,54,5.7,63,356,2,3,32,,10.7,0.2/0.2,,,,,,,3,16.20
153,Chig Okonkwo,TE,WAS,7,126,25,150.6,TE19,,,,,50,513,4,10.2,3.0/4.1,,,,,,,124,,,,,56,560,2,10.0,3.3/4.6,,,,,,,3,16.30
154,Ryan Flournoy,WR,DAL,14,125,10,167.7,WR63,5.5,3,19,,46,533,4,11.7,2.7/3.9,,,,,,,114,6.2,4,25,,40,475,4,11.9,2.5/3.5,,,,,,,3,16.40
155,Jalen Nailor,WR,LV,13,119,32,162.9,WR64,5.7,2,10,,42,585,3,13.9,2.5/4.3,,,,,,,101,6.5,2,13,,29,444,4,15.3,1.7/3.1,,,,,,,3,16.50
156,Brian Robinson Jr.,RB,ATL,11,103,12,171.8,RB48,4.2,131,550,4,11,72,1,6.6,0.6/0.8,,,,,,,63,4.3,92,400,2,8,25,,3.1,0.5/0.7,,,,,,,3,16.60
157,Houston Texans,DST,HOU,8,185,,141,DST17,,,,,,,,,,,,,,,,,,,,,,,,,,,,,,,,3,16.70
158,Cam Ward,QB,TEN,9,253,4,169.3,QB25,4.2,44,187,2,,,,,,3800,23,11,63%,33.5,10.5,187,4.1,39,159,2,,,,,,3169,15,7,60%,31.8,9.8,3,16.80
159,Tyler Allgeier,RB,ARI,14,95,25,153,RB49,3.9,112,440,4,16,108,,6.8,0.9/1.3,,,,,,,123,3.6,143,514,8,14,96,,6.9,0.8/0.9,,,,,,,3,16.90
160,Bryce Young,QB,CAR,5,267,21,182.6,QB26,4.8,59,282,2,,,,,,3859,24,12,64%,32.3,10.8,218,4.0,54,216,2,,,,,,3011,23,11,64%,29.9,9.9,3,17.00
161,Seattle Seahawks,DST,SEA,11,181,,157,DST17,,,,,,,,,,,,,,,,,,,,,,,,,,,,,,,,2,17.10
162,Calvin Ridley,WR,TEN,9,144,7,198.9,WR65,5.5,5,28,,46,707,4,15.3,2.7/5.2,,,,,,,47,,,,,17,303,,17.8,2.4/5.1,,,,,,,2,17.20
163,Tre Tucker,WR,LV,13,133,32,165,WR66,5.6,12,67,,48,599,3,12.5,2.8/4.6,,,,,,,162,4.6,11,51,,57,696,5,12.2,3.4/5.4,,,,,,,2,17.30
164,Los Angeles Rams,DST,LAR,11,189,,148,DST17,,,,,,,,,,,,,,,,,,,,,,,,,,,,,,,,2,17.40
165,Oronde Gadsden II,TE,LAC,7,111,22,167.1,TE20,,,,,44,490,3,11.1,2.6/3.5,,,,,,,131,,,,,49,664,3,13.6,3.3/4.6,,,,,,,2,17.50
166,T.J. Hockenson,TE,MIN,6,166,9,168.5,TE21,,,,,77,650,4,8.4,4.5/6.2,,,,,,,113,,1,,,51,438,3,8.6,3.4/4.4,,,,,,,2,17.60
167,Tyjae Spears,RB,TEN,9,143,14,154.8,RB50,4.1,97,399,2,47,318,2,6.8,2.8/3.4,,,,,,,112,3.9,72,283,2,45,264,,5.9,3.5/3.8,,,,,,,2,17.70
168,Ka'imi Fairbairn,K,HOU,8,178,,165.4,K2,,,,,,,,,,,,,,,,,,,,,,,,,,,,,,,,2,17.80
169,Terrance Ferguson,TE,LAR,11,149,15,189.9,TE22,,,,,46,665,6,14.5,2.7/4.6,,,,,,,52,,1,,,11,231,3,21.0,0.8/1.8,,,,,,,2,17.90
170,Cam Little,K,JAX,7,171,,178.2,K3,,,,,,,,,,,,,,,,,,,,,,,,,,,,,,,,2,18.00
171,Denver Broncos,DST,DEN,10,177,,164,DST17,,,,,,,,,,,,,,,,,,,,,,,,,,,,,,,,2,18.10
172,Jerry Jeudy,WR,CLE,11,147,5,178.4,WR67,,,,,53,701,4,13.2,3.1/5.8,,,,,,,121,5.0,1,5,,50,602,2,12.0,2.9/6.2,,,,,,,2,18.20
173,Jaydon Blue,RB,DAL,14,60,5,173,RB51,4.2,69,285,3,8,57,,7.0,0.5/0.6,,,,,,,20,3.4,38,129,1,1,5,,5.0,0.2/0.2,,,,,,,2,18.30
174,Jonah Coleman,RB,DEN,10,53,29,159.4,RB52,4.3,44,191,1,16,120,,7.7,0.9/1.3,,,,,,,,,,,,,,,,,,,,,,,2,18.40
175,Dalton Schultz,TE,HOU,8,144,11,181.8,TE23,,,,,61,591,4,9.7,3.6/4.9,,,,,,,178,,,,,82,777,3,9.5,4.8/6.2,,,,,,,2,18.50
176,Aaron Rodgers,QB,PIT,9,248,25,201,QB27,3.1,24,74,1,,,,,,3962,24,10,65%,33.9,10.5,227,2.9,21,61,1,1,-9,,-9.0,0.1/0.1,3322,24,7,66%,31.1,10.2,2,18.60
177,Pat Freiermuth,TE,PIT,9,157,12,199.5,TE24,,,,,62,654,5,10.5,3.6/5.1,,,,,,,114,,,,,41,486,4,11.9,2.4/3.2,,,,,,,2,18.70
178,Isaac TeSlaa,WR,DET,6,94,14,177.5,WR68,,,,,30,403,4,13.4,1.8/3.0,,,,,,,76,,,,,16,239,6,14.9,0.9/1.6,,,,,,,2,18.80
179,Jason Myers,K,SEA,11,172,,164,K4,,,,,,,,,,,,,,,,,,,,,,,,,,,,,,,,2,18.90
180,Alvin Kamara,RB,NO,8,131,3,151.4,RB53,3.9,128,504,2,38,245,1,6.4,2.2/2.8,,,,,,,101,3.6,131,471,1,33,186,,5.6,3.0/3.5,,,,,,,2,19.00
181,Cameron Dicker,K,LAC,7,165,,166.2,K5,,,,,,,,,,,,,,,,,,,,,,,,,,,,,,,,2,19.10
182,Adonai Mitchell,WR,NYJ,13,111,23,180,WR69,4.8,3,16,,39,519,3,13.3,2.3/4.1,,,,,,,90,-4.0,1,-4,,33,453,2,13.7,2.1/4.6,,,,,,,2,19.20
183,Dylan Sampson,RB,CLE,11,91,7,161.9,RB54,4.1,65,264,1,31,221,1,7.2,1.8/2.4,,,,,,,88,2.7,65,175,,33,271,2,8.2,2.2/2.7,,,,,,,2,19.30
184,Sean Tucker,RB,TB,10,45,18,206.3,RB55,4.1,53,218,3,3,17,,5.5,0.2/0.2,,,,,,,91,3.7,86,320,7,8,34,1,4.2,0.5/0.6,,,,,,,2,19.40
185,Tre Harris,WR,LAC,7,113,31,170.2,WR70,,,,,40,487,4,12.2,2.4/4.0,,,,,,,,,,,,,,,,,,,,,,,2,19.50
186,Travis Hunter,WR,JAX,7,92,4,167.7,WR71,5.9,3,20,,36,416,2,11.6,2.1/3.4,,,,,,,64,,1,,,28,298,1,10.6,4.0/6.4,,,,,,,1,19.60
187,Rashod Bateman,WR,BAL,13,127,19,219.7,WR72,,,,,41,622,4,15.2,2.4/4.4,,,,,,,55,,,,,19,224,2,11.8,1.5/2.9,,,,,,,1,19.70
188,Greg Dulcich,TE,MIA,6,152,28,181.1,TE25,,,,,61,670,4,11.0,3.6/5.1,,,,,,,63,-7.0,1,-7,,26,335,1,12.9,2.6/3.3,,,,,,,1,19.80
189,Ray Davis,RB,BUF,7,65,30,181.5,RB56,4.2,63,266,2,11,90,1,8.2,0.6/0.8,,,,,,,58,4.7,58,275,,10,86,2,8.6,0.6/0.8,,,,,,,1,19.90
190,Germie Bernard,WR,PIT,9,107,24,223.2,WR73,,,,,44,448,3,10.2,2.6/4.2,,,,,,,,,,,,,,,,,,,,,,,1,20.00
191,Jacoby Brissett,QB,ARI,14,186,15,202.8,QB28,4.4,34,149,1,,,,,,3026,16,10,64%,34.1,10.8,227,4.4,38,168,1,,,,,,3366,23,8,65%,34.6,10.7,1,20.10
192,Gunnar Helm,TE,TEN,9,114,8,198.8,TE26,,,,,52,445,3,8.6,3.0/4.3,,,,,,,92,,,,,44,357,2,8.1,2.8/3.4,,,,,,,1,20.20
193,MarShawn Lloyd,RB,GB,11,69,17,176.7,RB57,4.1,88,357,3,9,65,,7.2,0.5/0.8,,,,,,,,2.5,6,,,1,,,3.0,1.0/1.0,,,,,,,1,20.30
194,Kenyon Sadiq,TE,NYJ,13,147,31,168.1,TE27,,,,,61,616,4,10.1,3.6/4.8,,,,,,,,,,,,,,,,,,,,,,,1,20.40
195,Samaje Perine,RB,CIN,6,109,27,242.4,RB58,4.4,98,432,3,25,175,1,7.1,1.4/1.8,,,,,,,78,4.5,84,382,3,17,87,,5.1,1.1/1.4,,,,,,,1,20.50
196,Cade Otton,TE,TB,10,101,32,201,TE28,,,,,45,441,2,9.9,2.6/3.7,,,,,,,122,,,,,59,572,1,9.7,3.7/5.1,,,,,,,1,20.60
197,Minnesota Vikings,DST,MIN,6,164,,191,DST17,,,,,,,,,,,,,,,,,,,,,,,,,,,,,,,,1,20.70
198,Pat Bryant,WR,DEN,10,85,29,234.5,WR74,,,,,33,396,2,12.0,1.9/3.4,,,,,,,75,,,,,31,378,1,12.2,2.1/3.3,,,,,,,1,20.80
199,Tank Dell,WR,HOU,8,113,3,181.9,WR75,5.0,7,34,,41,510,3,12.5,2.4/3.9,,,,,,,,4.8,9,,,51,,,13.1,3.6/5.8,,,,,,,1,20.90
200,Fernando Mendoza,QB,LV,13,134,32,208.9,QB29,4.2,27,113,2,,,,,,2026,12,9,63%,33.2,10.7,,,,,,,,,,,,,,,,,1,21.00
201,Cooper Kupp,WR,SEA,11,94,13,210.6,WR76,,,,,36,404,3,11.2,2.1/3.3,,,,,,,116,,,,,47,593,2,12.6,2.9/4.4,,,1,,0.1,,1,21.10
202,Jacksonville Jaguars,DST,JAC,7,152,,188,DST17,,,,,,,,,,,,,,,,,,,,,,,,,,,,,,,,1,21.20
203,Pittsburgh Steelers,DST,PIT,9,152,,190,DST17,,,,,,,,,,,,,,,,,,,,,,,,,,,,,,,,1,21.30
204,Zachariah Branch,WR,ATL,11,96,15,199.7,WR77,,,,,42,483,1,11.5,2.5/3.9,,,,,,,,,,,,,,,,,,,,,,,1,21.40
205,Kayshon Boutte,WR,NE,11,94,28,205.3,WR78,,,,,32,437,3,13.7,1.9/2.8,,,,,,,124,,,,,33,551,6,16.7,2.4/3.3,,,,,,,1,21.50
206,Jordan James,RB,SF,8,47,15,211.3,RB59,4.2,68,284,1,7,52,,7.4,0.4/0.6,,,,,,,,,,,,,,,,,,,,,,,1,21.60
207,Zach Charbonnet,RB,SEA,11,139,6,144.4,RB60,4.1,146,597,7,18,137,1,7.6,1.5/2.0,,,,,,,181,4.0,184,730,12,20,144,,7.2,1.3/1.5,,,,,,,1,21.70
208,Los Angeles Chargers,DST,LAC,7,163,,197,DST17,,,,,,,,,,,,,,,,,,,,,,,,,,,,,,,,1,21.80
209,Baltimore Ravens,DST,BAL,13,153,,201,DST17,,,,,,,,,,,,,,,,,,,,,,,,,,,,,,,,1,21.90
210,AJ Barner,TE,SEA,11,127,17,185.3,TE29,2.6,9,22,1,47,473,4,10.0,2.8/3.9,,,,,,,147,1.4,10,14,1,52,519,6,10.0,3.1/4.0,,,,,,,1,22.00
211,Mike Gesicki,TE,CIN,6,112,4,231,TE30,,,,,44,443,4,10.1,2.6/3.8,,,,,,,71,,,,,28,307,2,11.0,2.2/3.2,,,,,,,1,22.10
212,Tua Tagovailoa,QB,ATL,11,141,14,224.8,QB30,2.6,11,29,,,,,,,2494,14,9,68%,31.7,10.5,161,2.2,20,43,,,,,,,2660,20,15,68%,27.4,10.2,1,22.20
213,Colby Parkinson,TE,LAR,11,98,15,216.2,TE31,,,,,37,372,4,10.1,2.2/3.1,,,,,,,130,,,,,43,408,8,9.5,2.9/3.7,,,,,,,1,22.30
214,Keenan Allen,WR,FA,,125,,241.3,WR79,,,,,50,515,4,10.4,2.9/4.4,,,,,,,183,,,,,81,777,4,9.6,4.8/7.2,,,,,,,1,22.40
215,Jaylin Noel,WR,HOU,8,67,3,252.7,WR80,5.5,5,28,,25,275,2,11.0,1.5/2.3,,,,,,,68,2.0,6,12,,26,292,2,11.2,1.5/2.1,,,,,,,1,22.50
216,Emmett Johnson,RB,KC,5,56,22,195.7,RB61,4.2,57,242,2,11,84,,7.5,0.7/0.9,,,,,,,,,,,,,,,,,,,,,,,1,22.60
217,Kaytron Allen,RB,WAS,7,16,2,203.5,RB62,4.2,27,113,,3,21,,7.0,0.2/0.2,,,,,,,,,,,,,,,,,,,,,,,1,22.70
218,Seth McGowan,RB,IND,13,38,13,353,RB63,4.1,38,156,1,10,70,,7.1,0.6/0.7,,,,,,,,,,,,,,,,,,,,,,,1,22.80
219,Malik Washington,WR,MIA,6,118,22,185.7,WR81,5.9,15,90,1,48,432,2,9.1,2.8/4.1,,,,,,,111,6.5,17,110,1,46,317,3,6.9,2.7/3.8,,,,,,,1,22.90
220,Troy Franklin,WR,DEN,10,50,29,229.2,WR82,5.2,3,18,,16,200,2,12.4,0.9/1.5,,,,,,,177,2.4,5,12,,65,709,6,10.9,3.8/6.1,,,,,,,1,23.00
221,Dontayvion Wicks,WR,PHI,10,78,1,191.5,WR83,,,,,30,363,2,12.1,1.8/3.0,,,,,,,76,6.0,1,6,,30,332,2,11.1,2.1/3.3,,,,,,,1,23.10
222,Mack Hollins,WR,NE,11,52,28,394,WR84,,,,,21,252,1,12.0,1.2/1.9,,,,,,,113,4.0,1,4,,46,550,2,12.0,3.1/4.3,,,,,,,1,23.20
223,Justice Hill,RB,BAL,13,101,19,211.1,RB64,4.6,45,210,1,36,318,1,8.8,2.1/2.9,,,,,,,65,5.2,18,93,2,21,169,1,8.0,2.1/2.7,,,,,,,1,23.30
224,Devaughn Vele,WR,NO,8,68,6,292.4,WR85,,,,,27,294,2,10.9,1.6/2.5,,,,,,,66,,,,,25,293,2,11.7,1.9/3.0,,,,,,,1,23.40
225,Braelon Allen,RB,NYJ,13,93,23,196.4,RB65,4.2,103,434,4,15,108,,7.4,0.9/1.1,,,,,,,15,4.2,18,76,1,2,17,,8.5,0.5/0.8,,,,,,,1,23.50
226,Darnell Mooney,WR,NYG,8,64,9,212.7,WR86,,,,,23,288,2,12.5,1.4/2.6,,,,,,,82,,,,,32,443,1,13.8,2.1/4.8,,,,,,,1,23.60
227,Malachi Fields,WR,NYG,8,81,9,238.8,WR87,,,,,32,365,2,11.4,1.9/3.1,,,,,,,,,,,,,,,,,,,,,,,1,23.70
228,Emanuel Wilson,RB,SEA,11,26,6,243,RB66,4.2,33,138,,7,48,,6.9,0.4/0.6,,,,,,,95,4.0,125,496,3,15,99,,6.6,0.9/1.0,,,,,,,1,23.80
229,Jalen Tolbert,WR,MIA,6,97,22,272.8,WR88,,,,,42,431,2,10.3,2.5/4.2,,,,,,,46,,,,,18,203,1,11.3,1.4/2.6,,,,,,,1,23.90
230,Kendrick Bourne,WR,ARI,14,60,18,330.5,WR89,,,,,23,248,2,10.8,1.4/2.2,,,,,,,92,,,,,37,551,,14.9,2.3/3.3,,,,,,,1,24.00
231,Mike Washington Jr.,RB,LV,13,64,32,195.3,RB67,4.1,84,342,2,10,73,,7.3,0.6/0.8,,,,,,,,,,,,,,,,,,,,,,,1,24.10
232,Geno Smith,QB,NYJ,13,230,31,216.8,QB31,3.8,53,203,1,,,,,,3840,19,13,67%,31.9,10.6,174,2.7,41,109,,,,,,,3025,19,17,67%,29.9,10.0,1,24.20
233,Andrei Iosivas,WR,CIN,6,84,8,286.8,WR90,,,,,29,367,3,12.7,1.7/2.9,,,,,,,90,4.7,3,14,,33,435,2,13.2,1.9/3.4,,,,,,,1,24.30
234,Ted Hurst,WR,TB,10,58,11,223.4,WR91,,,,,20,265,2,13.6,1.1/1.8,,,,,,,,,,,,,,,,,,,,,,,1,24.40
235,Demond Claiborne,RB,MIN,6,27,10,222.8,RB68,4.3,33,142,1,4,24,,6.0,0.2/0.3,,,,,,,,,,,,,,,,,,,,,,,1,24.50
236,Chimere Dike,WR,TEN,9,65,7,292,WR92,5.2,12,62,,23,238,2,10.3,1.4/2.1,,,,,,,114,1.6,11,18,,48,423,4,8.8,2.8/4.4,,,,,,,1,24.60
237,Jack Bech,WR,LV,13,94,32,262.5,WR93,,,,,38,440,2,11.6,2.2/3.6,,,,,,,42,,,,,20,224,,11.2,1.3/1.8,,,,,,,1,24.70
238,Kalif Raymond,WR,CHI,10,50,27,279,WR94,5.8,3,20,,21,214,1,10.2,1.2/1.8,,,,,,,61,9.5,2,19,,24,289,1,12.0,1.6/2.0,,,,,,,1,24.80
239,Kaelon Black,RB,SF,8,34,15,209.7,RB69,4.1,45,185,1,5,40,,7.4,0.3/0.4,,,,,,,,,,,,,,,,,,,,,,,1,24.90
240,Antonio Williams,WR,WAS,7,61,16,198,WR95,5.0,3,15,,21,262,2,12.5,1.2/2.0,,,,,,,,5.2,12,,,1,,,20.0,1.0/1.0,,,,,,,1,25.00
241,Christian Kirk,WR,SF,8,52,26,237.7,WR96,,,,,20,262,1,13.0,1.2/1.9,,,,,,,58,,,,,28,239,1,8.5,2.2/4.0,,,,,,,1,25.10
242,Michael Mayer,TE,LV,13,95,18,331.5,TE32,,,,,42,406,2,9.7,2.5/3.6,,,,,,,74,,,,,35,328,1,9.4,2.7/3.8,,,,,,,1,25.20
243,Nicholas Singleton,RB,TEN,9,22,14,205.8,RB70,4.2,25,105,1,3,22,,7.3,0.2/0.2,,,,,,,,,,,,,,,,,,,,,,,1,25.30
244,Eddy Pineiro,K,SF,8,151,,203,K6,,,,,,,,,,,,,,,,,,,,,,,,,,,,,,,,1,25.40
245,David Njoku,TE,LAC,7,70,22,219.8,TE33,,,,,26,266,3,10.4,1.5/2.1,,,,,,,86,,,,,33,293,4,8.9,2.8/4.0,,,,,,,1,25.50
246,Ty Johnson,RB,BUF,7,74,30,267.8,RB71,4.2,38,159,1,20,195,2,9.8,1.2/1.6,,,,,,,100,4.0,50,200,3,24,263,2,11.0,1.4/1.9,,,,,,,1,25.60
247,Evan Engram,TE,DEN,10,95,20,223,TE34,,,,,43,400,2,9.3,2.5/3.7,,,,,,,103,7.0,1,7,,50,461,1,9.2,3.1/4.8,,,,,,,1,25.70
248,Darius Slayton,WR,NYG,8,74,9,330.5,WR97,,,,,26,357,2,13.7,1.5/2.8,,,,,,,99,,,,,37,538,1,14.5,2.6/4.5,,,,,,,1,25.80
249,Darnell Washington,TE,PIT,9,80,12,249.4,TE35,,,,,32,363,2,11.3,1.9/2.8,,,,,,,73,,,,,31,364,1,11.7,1.9/2.7,,,,,,,1,25.90
250,Jahan Dotson,WR,ATL,11,88,15,282.8,WR98,,,,,33,428,2,13.0,1.9/3.6,,,,,,,50,,,,,18,262,1,14.6,1.1/2.1,,,,,,,1,26.00
251,Chris Brooks,RB,GB,11,44,17,301,RB72,4.2,24,100,1,13,92,1,7.1,0.8/1.1,,,,,,,33,3.9,27,106,,13,91,,7.0,0.8/1.0,,,,,,,1,26.10
252,Deshaun Watson,QB,CLE,11,102,2,265.2,QB32,4.3,22,94,1,,,,,,1662,8,6,62%,28.8,10.3,,4.8,31,,,,,,,,,,,,30.9,8.4,1,26.20
253,Kimani Vidal,RB,LAC,7,39,28,200.7,RB73,4.1,42,173,1,9,64,,7.1,0.5/0.8,,,,,,,118,4.1,155,643,3,16,136,1,8.5,1.2/1.7,,,,,,,1,26.30
254,Tyler Loop,K,BAL,13,155,,200.8,K7,,,,,,,,,,,,,,,,,,,,,,,,,,,,,,,,1,26.40
255,Tory Horton,WR,SEA,11,71,13,248.2,WR99,,,,,24,352,2,14.7,1.4/2.5,,,,,,,59,,,,,13,161,5,12.4,1.6/2.8,,,,,,,1,26.50
256,Philadelphia Eagles,DST,PHI,10,150,,181,DST17,,,,,,,,,,,,,,,,,,,,,,,,,,,,,,,,1,26.60
257,Dawson Knox,TE,BUF,7,56,24,279.4,TE36,,,,,21,228,2,10.8,1.2/1.9,,,,,,,104,,,,,36,417,4,11.6,2.1/2.9,,,,,,,1,26.70
258,Joshua Palmer,WR,BUF,7,42,21,322,WR100,,,,,16,196,1,12.3,0.9/1.6,,,,,,,52,,,,,22,303,,13.8,1.8/3.1,,,,,,,1,26.80
259,Caleb Douglas,WR,MIA,6,132,22,254.6,WR101,,,,,49,652,3,13.2,2.9/4.8,,,,,,,,,,,,,,,,,,,,,,,1,26.90
260,Marquise Brown,WR,PHI,10,29,1,290.5,WR102,,,,,11,121,1,11.0,0.6/1.1,,,,,,,138,,,,,49,587,5,12.0,3.1/4.6,,,,,,,1,27.00
261,KaVontae Turpin,WR,DAL,14,56,10,253,WR103,5.9,17,100,,15,191,2,13.0,0.9/1.4,,,,,,,85,5.2,17,89,,26,396,2,15.2,1.7/2.5,,,,,,,1,27.10
262,Marvin Mims Jr.,WR,DEN,10,62,29,236,WR104,4.9,5,25,,22,252,2,11.5,1.3/1.7,,,,,,,87,6.5,12,78,1,37,322,1,8.7,2.5/3.4,,,,,,,1,27.20
263,Chris Boswell,K,PIT,9,144,,236.8,K8,,,,,,,,,,,,,,,,,,,,,,,,,,,,,,,,1,27.30
264,Elic Ayomanor,WR,TEN,9,51,7,319.5,WR105,,,,,17,218,2,12.7,1.0/1.9,,,,,,,117,,,,,41,515,4,12.6,2.6/5.6,,,,,,,1,27.40
265,Will Reichard,K,MIN,6,152,,228.8,K9,,,,,,,,,,,,,,,,,,,,,,,,,,,,,,,,1,27.50
266,Tyquan Thornton,WR,KC,5,91,30,250.4,WR106,,,,,29,439,3,15.1,1.7/3.2,,,,,,,81,,,,,19,438,3,23.1,1.4/2.6,,,,,,,1,27.60
267,Ja'Kobi Lane,WR,BAL,13,73,19,214.2,WR107,,,,,25,356,2,14.2,1.5/2.7,,,,,,,,,,,,,,,,,,,,,,,1,27.70
268,Jake Bates,K,DET,6,160,,193.6,K10,,,,,,,,,,,,,,,,,,,,,,,,,,,,,,,,1,27.80
269,Treylon Burks,WR,WAS,7,63,16,313,WR108,,,,,22,292,2,13.3,1.3/2.3,,,,,,,29,,,,,10,130,1,13.0,1.3/2.8,,,,,,,1,27.90
270,Xavier Legette,WR,CAR,5,91,20,410,WR109,5.0,2,9,,35,375,3,10.7,2.1/3.9,,,,,,,89,,1,,,35,363,3,10.4,2.3/4.3,,,,,,,1,28.00
271,Tez Johnson,WR,TB,10,25,11,389,WR110,5.9,3,20,,8,90,1,11.7,0.5/0.7,,,,,,,92,3.1,7,22,,28,322,5,11.5,1.8/2.8,,,,,,,1,28.10
272,Chicago Bears,DST,CHI,10,151,,209,DST17,,,,,,,,,,,,,,,,,,,,,,,,,,,,,,,,1,28.20
273,Keon Coleman,WR,BUF,7,59,21,243.2,WR111,,,,,20,269,2,13.4,1.2/2.1,,,,,,,102,,,,,38,404,4,10.6,2.9/4.5,,,,,,,1,28.30
274,Jaylen Wright,RB,MIA,6,50,20,236.8,RB74,4.1,51,211,2,10,72,,7.2,0.6/0.8,,,,,,,48,4.1,70,288,2,5,44,,8.8,0.5/0.9,,,,,,,1,28.40
275,Noah Gray,TE,KC,5,60,14,377,TE37,,,,,27,266,1,9.7,1.6/2.4,,,,,,,39,,,,,21,178,,8.5,1.3/2.3,,,,,,,1,28.50
276,New England Patriots,DST,NE,11,149,,178,DST17,,,,,,,,,,,,,,,,,,,,,,,,,,,,,,,,1,28.60
277,Cole Kmet,TE,CHI,10,78,30,395,TE38,,,,,29,309,3,10.7,1.7/2.5,,,,,,,79,,,,,30,347,2,11.6,1.9/3.0,,,,,0.1,,1,28.70
278,DJ Giddens,RB,IND,13,16,13,268.2,RB75,4.1,19,78,,5,34,,6.6,0.3/0.4,,,,,,,10,3.7,26,96,,,,,,—/0.2,,,,,,,1,28.80
279,Skyler Bell,WR,BUF,7,24,21,290.3,WR112,,,,,8,104,1,13.3,0.5/0.8,,,,,,,,,,,,,,,,,,,,,,,1,28.90
280,Najee Harris,RB,FA,,66,,330.5,RB76,4.0,68,272,2,15,116,,7.5,0.9/1.2,,,,,,,12,4.1,15,61,,3,25,,8.3,1.0/1.0,,,,,,,1,29.00
281,George Holani,RB,SEA,11,26,6,214.8,RB77,4.1,37,150,,7,45,,6.8,0.4/0.5,,,,,,,15,3.3,22,73,1,2,15,,7.5,0.2/0.2,,,,,,,1,29.10
282,James Conner,RB,ARI,14,51,25,210.7,RB78,4.0,70,277,2,7,46,,6.6,0.4/0.6,,,,,,,33,3.0,32,95,1,8,38,1,4.8,2.7/3.0,,,,,,,1,29.20
283,Kirk Cousins,QB,LV,13,102,32,249.6,QB33,1.7,9,14,,,,,,,1875,10,7,66%,34.8,10.2,104,0.5,14,7,1,,,,,,1721,10,5,62%,24.5,10.4,1,29.30
284,Chris Bell,WR,MIA,6,104,22,256.4,WR113,,,,,35,567,2,16.0,2.1/3.5,,,,,,,,,,,,,,,,,,,,,,,1,29.40
285,Theo Johnson,TE,NYG,8,75,6,281.4,TE39,,,,,30,326,2,10.8,1.8/2.6,,,,,,,128,,,,,45,528,5,11.7,3.0/4.9,,,,,,,1,29.50
286,Dallas Cowboys,DST,DAL,14,115,,240,DST17,,,,,,,,,,,,,,,,,,,,,,,,,,,,,,,,1,29.60
287,Shedeur Sanders,QB,CLE,11,126,2,231.7,QB34,5.1,25,128,1,,,,,,2068,9,6,62%,29.8,11.1,85,8.0,21,169,1,,,,,,1400,7,10,57%,26.5,11.7,1,29.70
288,Isaiah Davis,RB,NYJ,13,37,23,273.4,RB79,4.7,29,134,1,10,76,,7.6,0.6/0.8,,,,,,,71,5.5,43,236,1,21,186,,8.9,1.3/1.8,,,,,,,1,29.80
289,Kansas City Chiefs,DST,KC,5,125,,225,DST17,,,,,,,,,,,,,,,,,,,,,,,,,,,,,,,,1,29.90
290,Harrison Butker,K,KC,5,149,,223.4,K11,,,,,,,,,,,,,,,,,,,,,,,,,,,,,,,,1,30.00
291,New York Giants,DST,NYG,8,133,,233,DST17,,,,,,,,,,,,,,,,,,,,,,,,,,,,,,,,1,30.10
292,Buffalo Bills,DST,BUF,7,146,,223,DST17,,,,,,,,,,,,,,,,,,,,,,,,,,,,,,,,1,30.20
293,Harrison Mevis,K,LAR,11,150,,198.8,K12,,,,,,,,,,,,,,,,,,,,,,,,,,,,,,,,1,30.30
294,Chase McLaughlin,K,TB,10,150,,233.2,K13,,,,,,,,,,,,,,,,,,,,,,,,,,,,,,,,1,30.40
295,Elijah Sarratt,WR,BAL,13,48,19,310.5,WR114,,,,,18,237,1,13.2,1.1/1.8,,,,,,,,,,,,,,,,,,,,,,,1,30.50
296,Trevor Etienne,RB,CAR,5,13,31,288,RB80,4.2,19,78,,3,22,,7.1,0.2/0.2,,,,,,,14,4.7,20,94,,3,13,,4.3,0.2/0.2,,,,,,,1,30.60
297,San Francisco 49ers,DST,SF,8,126,,238,DST17,,,,,,,,,,,,,,,,,,,,,,,,,,,,,,,,1,30.70
298,Tyreek Hill,WR,FA,,108,,245.7,WR115,5.0,3,13,,40,482,3,12.0,3.1/4.6,,,,,,,54,,,,,21,265,1,12.6,5.3/7.3,,,,,,,1,30.80
299,Ollie Gordon II,RB,MIA,6,38,20,253.5,RB81,4.1,46,189,2,4,28,,7.1,0.2/0.4,,,,,,,54,2.8,70,199,3,7,32,1,4.6,0.4/0.5,,,,,,,1,30.90
300,Brandon Aiyuk,WR,SF,8,108,26,258.2,WR116,,,,,39,507,3,13.0,2.3/3.5,,,,,,,,,,,,,,,,,,,,,,,1,31.00